Car Make,Car Model,Year,Engine Size (L),Horsepower,Torque (lb-ft),0-60 MPH Time (seconds),Price (in USD),Price_USD,0_60_Time_s,Horsepower_clean,Torque_clean,Powertrain,Engine_Displacement_L,Origin_Region,HP_per_10k_USD,Torque_per_10k_USD,Performance_Score,Cost_Benefit_Score,Estimated_Price_Linear,Residual_Linear,Estimated_Price_Log,Residual_Log,Price_Diff_Pct,Classification_CB,Image_URL
Porsche,911,2022,3,379,331,4,"101,200",101200.0,4.0,379.0,331.0,Combustão,3.0,Europa,37.45,32.71,26.04,2.57,-79459.03,180659.03,83669.94,17530.06,21.0,Preço Compatível com Mercado,https://upload.wikimedia.org/wikipedia/commons/thumb/a/a2/Porsche_911_No_1000000%2C_70_Years_Porsche_Sports_Car%2C_Berlin_%281X7A3888%29.jpg/600px-Porsche_911_No_1000000%2C_70_Years_Porsche_Sports_Car%2C_Berlin_%281X7A3888%29.jpg
Lamborghini,Huracan,2021,5.2,630,443,2.8,"274,390",274390.0,2.8,630.0,443.0,Combustão,5.2,Europa,22.96,16.14,41.16,1.5,303196.99,-28806.99,235618.92,38771.08,16.5,Preço Compatível com Mercado,https://upload.wikimedia.org/wikipedia/commons/thumb/c/ca/2017_Lamborghini_Huracan_LP610.jpg/600px-2017_Lamborghini_Huracan_LP610.jpg
Ferrari,488 GTB,2022,3.9,661,561,3,"333,750",333750.0,3.0,661.0,561.0,Combustão,3.9,Europa,19.81,16.81,42.61,1.28,374649.65,-40899.65,209311.53,124438.47,59.5,Prêmio de Exclusividade / Grife,https://upload.wikimedia.org/wikipedia/commons/thumb/7/7c/2018_Ferrari_488_GTB_Spider_S-A_3.9_Front.jpg/600px-2018_Ferrari_488_GTB_Spider_S-A_3.9_Front.jpg
Audi,R8,2022,5.2,562,406,3.2,"142,700",142700.0,3.2,562.0,406.0,Combustão,5.2,Europa,39.38,28.45,36.47,2.56,213708.83,-71008.83,175348.44,-32648.44,-18.6,Bom Custo-Benefício,https://upload.wikimedia.org/wikipedia/commons/thumb/2/2a/2019_Audi_R8_Coupe_V10_Performance_Quattro_Front.jpg/600px-2019_Audi_R8_Coupe_V10_Performance_Quattro_Front.jpg
McLaren,720S,2021,4,710,568,2.7,"298,000",298000.0,2.7,710.0,568.0,Combustão,4.0,Europa,23.83,19.06,45.73,1.53,443301.56,-145301.56,266707.32,31292.68,11.7,Preço Compatível com Mercado,https://upload.wikimedia.org/wikipedia/commons/thumb/2/23/2018_McLaren_720S_V8_S-A_4.0.jpg/600px-2018_McLaren_720S_V8_S-A_4.0.jpg
BMW,M8,2022,4.4,617,553,3.1,"130,000",130000.0,3.1,617.0,553.0,Combustão,4.4,Europa,47.46,42.54,40.87,3.14,286114.76,-156114.76,178033.75,-48033.75,-27.0,Bom Custo-Benefício,https://thumb.wikimedia.org/wikipedia/commons/thumb/b/bd/BMW_M8_Competition_IMG_3364.jpg/600px-BMW_M8_Competition_IMG_3364.jpg?utm_source=en.wikipedia.org&utm_campaign=api&utm_content=thumbnail
Mercedes-Benz,AMG GT,2021,4,523,494,3.8,"118,500",118500.0,3.8,523.0,494.0,Combustão,4.0,Europa,44.14,41.69,33.31,2.81,188639.19,-70139.19,114135.75,4364.25,3.8,Preço Compatível com Mercado,https://upload.wikimedia.org/wikipedia/commons/thumb/3/3b/Mercedes-AMG_GT_C190_Yellow_Front.jpg/600px-Mercedes-AMG_GT_C190_Yellow_Front.jpg
Chevrolet,Corvette,2021,6.2,490,465,2.8,"59,900",59900.0,2.8,490.0,465.0,Combustão,6.2,Estados Unidos,81.8,77.63,38.47,6.42,-44662.18,104562.18,146301.33,-86401.33,-59.1,Custo-Benefício Excepcional,https://upload.wikimedia.org/wikipedia/commons/thumb/4/4b/Chevrolet_Corvette_C8_IAA_2021_1X7A0156.jpg/600px-Chevrolet_Corvette_C8_IAA_2021_1X7A0156.jpg
Ford,Mustang Shelby GT500,2022,5.2,760,625,3.5,"81,000",81000.0,3.5,760.0,625.0,Combustão,5.2,Estados Unidos,93.83,77.16,42.71,5.27,676998.12,-595998.12,225606.65,-144606.65,-64.1,Custo-Benefício Excepcional,https://upload.wikimedia.org/wikipedia/commons/thumb/1/1b/2020_Ford_Mustang_Shelby_GT500_Front.jpg/600px-2020_Ford_Mustang_Shelby_GT500_Front.jpg
Nissan,GT-R Nismo,2021,3.8,600,481,2.5,"212,000",212000.0,2.5,600.0,481.0,Combustão,3.8,Ásia,28.3,22.69,43.08,2.03,169817.18,42182.82,223927.41,-11927.41,-5.3,Bom Custo-Benefício,https://upload.wikimedia.org/wikipedia/commons/thumb/b/b5/Nissan_GT-R_Nismo_%282020%29_1X7A0388.jpg/600px-Nissan_GT-R_Nismo_%282020%29_1X7A0388.jpg
Aston Martin,DB11,2021,5.2,630,516,3.5,"201,495",201495.0,3.5,630.0,516.0,Combustão,5.2,Europa,31.27,25.61,37.96,1.88,393957.05,-192462.05,171674.13,29820.87,17.4,Preço Compatível com Mercado,https://upload.wikimedia.org/wikipedia/commons/thumb/4/47/2017_Aston_Martin_DB11_V12_Automatic_5.2_Front.jpg/600px-2017_Aston_Martin_DB11_V12_Automatic_5.2_Front.jpg
Bugatti,Chiron,2021,8,1500,1180,2.4,"3,000,000",3000000.0,2.4,1500.0,1180.0,Combustão,8.0,Europa,5.0,3.93,75.61,0.25,2130321.44,869678.56,1647499.52,1352500.48,82.1,Prêmio de Exclusividade / Grife,https://upload.wikimedia.org/wikipedia/commons/thumb/1/18/Bugatti_Chiron_1.jpg/600px-Bugatti_Chiron_1.jpg
Dodge,Challenger SRT Hellcat,2022,6.2,717,656,3.5,"61,000",61000.0,3.5,717.0,656.0,Combustão,6.2,Estados Unidos,117.54,107.54,42.3,6.93,562668.82,-501668.82,188804.36,-127804.36,-67.7,Custo-Benefício Excepcional,https://upload.wikimedia.org/wikipedia/commons/thumb/2/2c/2015_Dodge_Challenger_SRT_Hellcat_Front.jpg/600px-2015_Dodge_Challenger_SRT_Hellcat_Front.jpg
Jaguar,F-Type,2022,3,296,295,5.4,"70,100",70100.0,5.4,296.0,295.0,Combustão,3.0,Europa,42.23,42.08,14.66,2.09,-43935.22,114035.22,43218.44,26881.56,62.2,Prêmio de Exclusividade / Grife,https://thumb.wikimedia.org/wikipedia/commons/thumb/d/d5/2017_Jaguar_F-Type_V6_R-Dynamic_Automatic_3.0_Front.jpg/600px-2017_Jaguar_F-Type_V6_R-Dynamic_Automatic_3.0_Front.jpg?utm_source=en.wikipedia.org&utm_campaign=api&utm_content=thumbnail
Koenigsegg,Jesko,2021,5,1280,1015,2.5,"2,800,000",2800000.0,2.5,1280.0,1015.0,Combustão,5.0,Europa,4.57,3.62,67.28,0.24,1661504.97,1138495.03,980082.23,1819917.77,185.7,Prêmio de Exclusividade / Grife,https://upload.wikimedia.org/wikipedia/commons/thumb/3/30/Koenigsegg_Jesko_Genf_2019_1Y7A5478.jpg/600px-Koenigsegg_Jesko_Genf_2019_1Y7A5478.jpg
Lexus,LC 500,2021,5,471,398,4.4,"92,950",92950.0,4.4,471.0,398.0,Combustão,5.0,Ásia,50.67,42.82,26.68,2.87,188723.37,-95773.37,90660.8,2289.2,2.5,Preço Compatível com Mercado,https://thumb.wikimedia.org/wikipedia/commons/thumb/8/89/2023_Lexus_LC500_in_Atomic_Silver%2C_front_left.jpg/600px-2023_Lexus_LC500_in_Atomic_Silver%2C_front_left.jpg?utm_source=en.wikipedia.org&utm_campaign=api&utm_content=thumbnail
Lotus,Evora GT,2021,3.5,416,317,3.8,"104,450",104450.0,3.8,416.0,317.0,Combustão,3.5,Europa,39.83,30.35,27.89,2.67,-17369.55,121819.55,102177.39,2272.61,2.2,Preço Compatível com Mercado,https://thumb.wikimedia.org/wikipedia/commons/thumb/2/26/2017_Lotus_Evora_400%2C_sky_blue%2C_front_left.jpg/960px-2017_Lotus_Evora_400%2C_sky_blue%2C_front_left.jpg?utm_source=en.wikipedia.org&utm_campaign=api&utm_content=thumbnail
Maserati,GranTurismo,2021,4.7,454,384,4.8,"150,000",150000.0,4.8,454.0,384.0,Combustão,4.7,Europa,30.27,25.6,23.51,1.57,216377.3,-66377.3,77069.85,72930.15,94.6,Prêmio de Exclusividade / Grife,https://thumb.wikimedia.org/wikipedia/commons/thumb/0/00/Maserati_GranTurismo_Trofeo_1X7A0828.jpg/600px-Maserati_GranTurismo_Trofeo_1X7A0828.jpg?utm_source=en.wikipedia.org&utm_campaign=api&utm_content=thumbnail
Porsche,Boxster,2021,2,300,280,4.7,"62,000",62000.0,4.7,300.0,280.0,Combustão,2.0,Europa,48.39,45.16,18.96,3.06,-142862.53,204862.53,55690.25,6309.75,11.3,Preço Compatível com Mercado,https://thumb.wikimedia.org/wikipedia/commons/thumb/2/2d/Porsche_718_Boxster_Spyder_IMG_2961.jpg/600px-Porsche_718_Boxster_Spyder_IMG_2961.jpg?utm_source=en.wikipedia.org&utm_campaign=api&utm_content=thumbnail
Alfa Romeo,Giulia Quadrifoglio,2022,2.9,505,443,3.8,"78,000",78000.0,3.8,505.0,443.0,Combustão,2.9,Europa,64.74,56.79,32.03,4.11,160538.15,-82538.15,115184.43,-37184.43,-32.3,Custo-Benefício Excepcional,https://thumb.wikimedia.org/wikipedia/commons/thumb/2/29/Alfa_952_26.06.19_JM_%281%29_%28cropped%29.jpg/960px-Alfa_952_26.06.19_JM_%281%29_%28cropped%29.jpg?utm_source=en.wikipedia.org&utm_campaign=api&utm_content=thumbnail
Ariel,Atom,2021,2,320,243,2.8,"75,000",75000.0,2.8,320.0,243.0,Combustão,2.0,Europa,42.67,32.4,30.88,4.12,-390252.95,465252.95,113563.48,-38563.48,-34.0,Custo-Benefício Excepcional,https://thumb.wikimedia.org/wikipedia/commons/thumb/8/8a/ArielAtomGoodwood.jpg/600px-ArielAtomGoodwood.jpg?utm_source=en.wikipedia.org&utm_campaign=api&utm_content=thumbnail
Bentley,Continental GT,2021,6,626,664,3.6,"225,000",225000.0,3.6,626.0,664.0,Combustão,6.0,Europa,27.82,29.51,39.8,1.77,354692.32,-129692.32,135315.37,89684.63,66.3,Prêmio de Exclusividade / Grife,https://images.unsplash.com/photo-1544829099-b9a0c07fad1a?w=600&auto=format&fit=crop&q=80
McLaren,Artura,2022,3,671,531,3,"225,000",225000.0,3.0,671.0,531.0,Combustão,3.0,Europa,29.82,23.6,42.31,1.88,408276.23,-183276.23,224764.22,235.78,0.1,Preço Compatível com Mercado,https://upload.wikimedia.org/wikipedia/commons/thumb/d/d4/McLaren_Artura_IMG_5866.jpg/600px-McLaren_Artura_IMG_5866.jpg
Mercedes-AMG,SLS AMG,2021,6.2,622,468,3.5,"248,000",248000.0,3.5,622.0,468.0,Combustão,6.2,Europa,25.08,18.87,36.95,1.49,389291.31,-141291.31,178181.56,69818.44,39.2,Preço Compatível com Mercado,https://images.unsplash.com/photo-1544829099-b9a0c07fad1a?w=600&auto=format&fit=crop&q=80
Pagani,Huayra,2021,6,720,737,2.8,"2,800,000",2800000.0,2.8,720.0,737.0,Combustão,6.0,Europa,2.57,2.63,48.24,0.17,431657.96,2368342.04,213891.17,2586108.83,1209.1,Prêmio de Exclusividade / Grife,https://images.unsplash.com/photo-1544829099-b9a0c07fad1a?w=600&auto=format&fit=crop&q=80
Polestar,1,2021,2,600,738,4.1,"155,000",155000.0,4.1,600.0,738.0,Combustão,2.0,Europa,38.71,47.61,37.32,2.41,349430.23,-194430.23,96515.45,58484.55,60.6,Prêmio de Exclusividade / Grife,https://images.unsplash.com/photo-1544829099-b9a0c07fad1a?w=600&auto=format&fit=crop&q=80
Rimac,Nevera,2022,Electric,1914,1696,1.85,"2,400,000",2400000.0,1.85,1914.0,1696.0,Elétrico,0.0,Europa,7.98,7.07,97.17,0.4,2890519.76,-490519.76,3751290.68,-1351290.68,-36.0,Custo-Benefício Excepcional,https://upload.wikimedia.org/wikipedia/commons/thumb/f/f0/Rimac_Nevera_IMG_4953.jpg/600px-Rimac_Nevera_IMG_4953.jpg
Porsche,Cayman GT4,2022,4,414,309,3.8,"100,200",100200.0,3.8,414.0,309.0,Combustão,4.0,Europa,41.32,30.84,27.71,2.77,-19771.29,119971.29,102593.95,-2393.95,-2.3,Bom Custo-Benefício,https://images.unsplash.com/photo-1544829099-b9a0c07fad1a?w=600&auto=format&fit=crop&q=80
Lamborghini,Aventador SVJ,2021,6.5,759,531,2.8,"517,770",517770.0,2.8,759.0,531.0,Combustão,6.5,Europa,14.66,10.26,45.52,0.88,590287.24,-72517.24,317247.96,200522.04,63.2,Prêmio de Exclusividade / Grife,https://upload.wikimedia.org/wikipedia/commons/thumb/a/af/Lamborghini_Aventador_SVJ_1X7A0135.jpg/600px-Lamborghini_Aventador_SVJ_1X7A0135.jpg
Ferrari,SF90 Stradale,2021,4,986,590,2.5,"625,000",625000.0,2.5,986.0,590.0,Combustão,4.0,Europa,15.78,9.44,53.45,0.86,1076519.91,-451519.91,667335.06,-42335.06,-6.3,Bom Custo-Benefício,https://upload.wikimedia.org/wikipedia/commons/thumb/b/b5/Ferrari_SF90_Stradale_1X7A0186.jpg/600px-Ferrari_SF90_Stradale_1X7A0186.jpg
Audi,RS7,2022,4,591,590,3.5,"117,000",117000.0,3.5,591.0,590.0,Combustão,4.0,Europa,50.51,50.43,38.38,3.28,276092.91,-159092.91,137559.82,-20559.82,-14.9,Bom Custo-Benefício,https://upload.wikimedia.org/wikipedia/commons/thumb/8/88/Audi_RS_7_Sportback_IAA_2019_1X7A0265.jpg/600px-Audi_RS_7_Sportback_IAA_2019_1X7A0265.jpg
McLaren,Artura,2021,3,671,531,3,"225,000",225000.0,3.0,671.0,531.0,Combustão,3.0,Europa,29.82,23.6,42.31,1.88,408276.23,-183276.23,224764.22,235.78,0.1,Preço Compatível com Mercado,https://upload.wikimedia.org/wikipedia/commons/thumb/d/d4/McLaren_Artura_IMG_5866.jpg/600px-McLaren_Artura_IMG_5866.jpg
BMW,M4,2022,3,503,479,3.8,"72,800",72800.0,3.8,503.0,479.0,Combustão,3.0,Europa,69.09,65.8,32.61,4.48,144548.03,-71748.03,109185.05,-36385.05,-33.3,Custo-Benefício Excepcional,https://upload.wikimedia.org/wikipedia/commons/thumb/d/d7/2021_BMW_M4_Competition_Front.jpg/600px-2021_BMW_M4_Competition_Front.jpg
Mercedes-Benz,SLS AMG,2015,6.2,622,468,3.2,"222,000",222000.0,3.2,622.0,468.0,Combustão,6.2,Europa,28.02,21.08,38.87,1.75,340732.27,-118732.27,195893.2,26106.8,13.3,Preço Compatível com Mercado,https://images.unsplash.com/photo-1544829099-b9a0c07fad1a?w=600&auto=format&fit=crop&q=80
Chevrolet,Camaro ZL1,2021,6.2,650,650,3.5,"64,695",64695.0,3.5,650.0,650.0,Combustão,6.2,Estados Unidos,100.47,100.47,40.72,6.29,401297.83,-336602.83,153587.65,-88892.65,-57.9,Custo-Benefício Excepcional,https://images.unsplash.com/photo-1544829099-b9a0c07fad1a?w=600&auto=format&fit=crop&q=80
Ford,GT,2022,3.5,660,550,3,"500,000",500000.0,3.0,660.0,550.0,Combustão,3.5,Estados Unidos,13.2,11.0,42.4,0.85,375610.56,124389.44,211667.18,288332.82,136.2,Prêmio de Exclusividade / Grife,https://upload.wikimedia.org/wikipedia/commons/thumb/f/f0/2017_Ford_GT_Front.jpg/600px-2017_Ford_GT_Front.jpg
Nissan,370Z Nismo,2021,3.7,350,276,4.5,"45,690",45690.0,4.5,350.0,276.0,Combustão,3.7,Ásia,76.6,60.41,21.26,4.65,-52191.0,97881.0,69974.61,-24284.61,-34.7,Custo-Benefício Excepcional,https://upload.wikimedia.org/wikipedia/commons/thumb/8/87/Nissan_370Z_Heritage_Edition_Front.jpg/600px-Nissan_370Z_Heritage_Edition_Front.jpg
Porsche,Taycan 4S,2022,Electric Motor,562,479,3.8,"104,000",104000.0,3.8,562.0,479.0,Elétrico,0.0,Europa,54.04,46.06,33.91,3.26,288282.55,-184282.55,131860.73,-27860.73,-21.1,Bom Custo-Benefício,https://images.unsplash.com/photo-1544829099-b9a0c07fad1a?w=600&auto=format&fit=crop&q=80
Lamborghini,Urus,2021,4,641,626,3.5,"218,000",218000.0,3.5,641.0,626.0,Combustão,4.0,Europa,29.4,28.72,40.11,1.84,386784.07,-168784.07,153989.16,64010.84,41.6,Preço Compatível com Mercado,https://upload.wikimedia.org/wikipedia/commons/thumb/1/19/2018_Lamborghini_Urus_4.0_Front.jpg/600px-2018_Lamborghini_Urus_4.0_Front.jpg
Ferrari,Roma,2021,3.9,611,561,3.3,"222,000",222000.0,3.3,611.0,561.0,Combustão,3.9,Europa,27.52,25.27,39.6,1.78,301399.76,-79399.76,162250.28,59749.72,36.8,Preço Compatível com Mercado,https://upload.wikimedia.org/wikipedia/commons/thumb/a/a2/Ferrari_Roma_Genf_2020_1Y7A5678.jpg/600px-Ferrari_Roma_Genf_2020_1Y7A5678.jpg
Audi,RS3,2022,2.5,394,369,3.9,"57,000",57000.0,3.9,394.0,369.0,Combustão,2.5,Europa,69.12,64.74,27.67,4.85,-70838.12,127838.12,86205.48,-29205.48,-33.9,Custo-Benefício Excepcional,https://images.unsplash.com/photo-1544829099-b9a0c07fad1a?w=600&auto=format&fit=crop&q=80
McLaren,GT,2021,4,612,465,3.1,"210,000",210000.0,3.1,612.0,465.0,Combustão,4.0,Europa,29.14,22.14,39.23,1.87,301110.62,-91110.62,196585.91,13414.09,6.8,Preço Compatível com Mercado,https://upload.wikimedia.org/wikipedia/commons/thumb/f/f6/McLaren_GT_IMG_3457.jpg/600px-McLaren_GT_IMG_3457.jpg
BMW,i8,2020,1.5 + Electric,369,420,4.2,"148,500",148500.0,4.2,369.0,420.0,Elétrico,0.0,Europa,24.85,28.28,26.09,1.76,-98933.71,247433.71,67713.96,80786.04,119.3,Prêmio de Exclusividade / Grife,https://images.unsplash.com/photo-1544829099-b9a0c07fad1a?w=600&auto=format&fit=crop&q=80
Mercedes-Benz,CLS63 AMG,2019,4,603,627,3.4,"132,000",132000.0,3.4,603.0,627.0,Combustão,4.0,Europa,45.68,47.5,39.93,3.03,277714.11,-145714.11,140558.8,-8558.8,-6.1,Bom Custo-Benefício,https://images.unsplash.com/photo-1544829099-b9a0c07fad1a?w=600&auto=format&fit=crop&q=80
Porsche,Cayman,2021,2,300,280,5.1,"58,900",58900.0,5.1,300.0,280.0,Combustão,2.0,Europa,50.93,47.54,16.4,2.78,-78117.15,137017.15,49079.9,9820.1,20.0,Preço Compatível com Mercado,https://thumb.wikimedia.org/wikipedia/commons/thumb/2/2d/Porsche_718_Boxster_Spyder_IMG_2961.jpg/600px-Porsche_718_Boxster_Spyder_IMG_2961.jpg?utm_source=en.wikipedia.org&utm_campaign=api&utm_content=thumbnail
Lamborghini,Aventador SVJ,2021,6.5,759,531,2.8,"518,000",518000.0,2.8,759.0,531.0,Combustão,6.5,Europa,14.65,10.25,45.52,0.88,590287.24,-72287.24,317247.96,200752.04,63.3,Prêmio de Exclusividade / Grife,https://upload.wikimedia.org/wikipedia/commons/thumb/a/af/Lamborghini_Aventador_SVJ_1X7A0135.jpg/600px-Lamborghini_Aventador_SVJ_1X7A0135.jpg
Audi,RS3,2022,2.5,394,369,3.9,"56,200",56200.0,3.9,394.0,369.0,Combustão,2.5,Europa,70.11,65.66,27.67,4.92,-70838.12,127038.12,86205.48,-30005.48,-34.8,Custo-Benefício Excepcional,https://images.unsplash.com/photo-1544829099-b9a0c07fad1a?w=600&auto=format&fit=crop&q=80
McLaren,570S,2021,3.8,562,443,2.8,"192,500",192500.0,2.8,562.0,443.0,Combustão,3.8,Europa,29.19,23.01,39.67,2.06,137536.86,54963.14,189564.35,2935.65,1.5,Preço Compatível com Mercado,https://upload.wikimedia.org/wikipedia/commons/thumb/2/2f/2016_McLaren_570S_Coupe_Front.jpg/600px-2016_McLaren_570S_Coupe_Front.jpg
BMW,M4,2022,3,503,479,3.8,"71,800",71800.0,3.8,503.0,479.0,Combustão,3.0,Europa,70.06,66.71,32.61,4.54,144548.03,-72748.03,109185.05,-37385.05,-34.2,Custo-Benefício Excepcional,https://upload.wikimedia.org/wikipedia/commons/thumb/d/d7/2021_BMW_M4_Competition_Front.jpg/600px-2021_BMW_M4_Competition_Front.jpg
Mercedes-Benz,AMG C63,2021,4,503,516,3.8,"68,000",68000.0,3.8,503.0,516.0,Combustão,4.0,Europa,73.97,75.88,33.25,4.89,133121.44,-65121.44,104026.14,-36026.14,-34.6,Custo-Benefício Excepcional,https://thumb.wikimedia.org/wikipedia/commons/thumb/2/2e/Mercedes-Benz_SLS_AMG_%28C_197%29_%E2%80%93_Frontansicht_ge%C3%B6ffnet%2C_10._August_2011%2C_D%C3%BCsseldorf.jpg/960px-Mercedes-Benz_SLS_AMG_%28C_197%29_%E2%80%93_Frontansicht_ge%C3%B6ffnet%2C_10._August_2011%2C_D%C3%BCsseldorf.jpg?utm_source=en.wikipedia.org&utm_campaign=api&utm_content=thumbnail
Chevrolet,Camaro SS,2021,6.2,455,455,4.1,"42,500",42500.0,4.1,455.0,455.0,Combustão,6.2,Estados Unidos,107.06,107.06,29.23,6.88,83582.35,-41082.35,87895.89,-45395.89,-51.6,Custo-Benefício Excepcional,https://thumb.wikimedia.org/wikipedia/commons/thumb/5/5e/2019_Chevrolet_Camaro_2SS_6.2L_front_3.16.19.jpg/600px-2019_Chevrolet_Camaro_2SS_6.2L_front_3.16.19.jpg?utm_source=en.wikipedia.org&utm_campaign=api&utm_content=thumbnail
Ford,Mustang GT,2022,5,460,420,4.3,"39,000",39000.0,4.3,460.0,420.0,Combustão,5.0,Estados Unidos,117.95,107.69,27.45,7.04,138944.87,-99944.87,87772.89,-48772.89,-55.6,Custo-Benefício Excepcional,https://upload.wikimedia.org/wikipedia/commons/thumb/d/df/2018_Ford_Mustang_GT_5.0_Front.jpg/600px-2018_Ford_Mustang_GT_5.0_Front.jpg
Nissan,370Z Nismo,2021,3.7,350,276,4.8,"46,100",46100.0,4.8,350.0,276.0,Combustão,3.7,Ásia,75.92,59.87,19.35,4.2,-3631.96,49731.96,63647.88,-17547.88,-27.6,Bom Custo-Benefício,https://upload.wikimedia.org/wikipedia/commons/thumb/8/87/Nissan_370Z_Heritage_Edition_Front.jpg/600px-Nissan_370Z_Heritage_Edition_Front.jpg
Aston Martin,Vantage,2021,4,503,505,3.5,"142,100",142100.0,3.5,503.0,505.0,Combustão,4.0,Europa,35.4,35.54,34.98,2.46,87959.49,54140.51,116024.17,26075.83,22.5,Preço Compatível com Mercado,https://upload.wikimedia.org/wikipedia/commons/thumb/b/b3/2019_Aston_Martin_Vantage_V8_4.0_Front.jpg/600px-2019_Aston_Martin_Vantage_V8_4.0_Front.jpg
Lotus,Evora GT,2021,3.5,416,317,3.8,"105,000",105000.0,3.8,416.0,317.0,Combustão,3.5,Europa,39.62,30.19,27.89,2.66,-17369.55,122369.55,102177.39,2822.61,2.8,Preço Compatível com Mercado,https://thumb.wikimedia.org/wikipedia/commons/thumb/2/26/2017_Lotus_Evora_400%2C_sky_blue%2C_front_left.jpg/960px-2017_Lotus_Evora_400%2C_sky_blue%2C_front_left.jpg?utm_source=en.wikipedia.org&utm_campaign=api&utm_content=thumbnail
Porsche,Panamera,2021,2.9,325,331,5.1,"87,200",87200.0,5.1,325.0,331.0,Combustão,2.9,Europa,37.27,37.96,17.84,2.05,-32962.85,120162.85,49734.16,37465.84,75.3,Prêmio de Exclusividade / Grife,https://thumb.wikimedia.org/wikipedia/commons/thumb/0/00/Porsche_972_Turbo_E-Hybrid_IMG_0445.jpg/600px-Porsche_972_Turbo_E-Hybrid_IMG_0445.jpg?utm_source=en.wikipedia.org&utm_campaign=api&utm_content=thumbnail
Lamborghini,Urus,2021,4,641,627,3.2,"218,000",218000.0,3.2,641.0,627.0,Combustão,4.0,Europa,29.4,28.76,42.04,1.93,337916.2,-119916.2,169074.69,48925.31,28.9,Preço Compatível com Mercado,https://upload.wikimedia.org/wikipedia/commons/thumb/1/19/2018_Lamborghini_Urus_4.0_Front.jpg/600px-2018_Lamborghini_Urus_4.0_Front.jpg
Ferrari,Roma,2021,3.9,612,560,3.4,"222,000",222000.0,3.4,612.0,560.0,Combustão,3.9,Europa,27.57,25.23,38.96,1.75,320331.12,-98331.12,157915.13,64084.87,40.6,Preço Compatível com Mercado,https://upload.wikimedia.org/wikipedia/commons/thumb/a/a2/Ferrari_Roma_Genf_2020_1Y7A5678.jpg/600px-Ferrari_Roma_Genf_2020_1Y7A5678.jpg
Audi,S5,2022,3,349,369,4.4,"52,500",52500.0,4.4,349.0,369.0,Combustão,3.0,Europa,66.48,70.29,23.49,4.47,-99534.42,152034.42,63743.3,-11243.3,-17.6,Bom Custo-Benefício,https://thumb.wikimedia.org/wikipedia/commons/thumb/7/7d/2018_Audi_S5_TFSi_Quattro_Automatic_3.0_Front.jpg/600px-2018_Audi_S5_TFSi_Quattro_Automatic_3.0_Front.jpg?utm_source=en.wikipedia.org&utm_campaign=api&utm_content=thumbnail
McLaren,600LT,2021,3.8,592,457,2.8,"241,000",241000.0,2.8,592.0,457.0,Combustão,3.8,Europa,24.56,18.96,40.57,1.68,206298.63,34701.37,204867.72,36132.28,17.6,Preço Compatível com Mercado,https://thumb.wikimedia.org/wikipedia/commons/thumb/8/87/2017_McLaren_570S%2C_blue%2C_front_left.jpg/600px-2017_McLaren_570S%2C_blue%2C_front_left.jpg?utm_source=en.wikipedia.org&utm_campaign=api&utm_content=thumbnail
BMW,M5,2022,4.4,600,553,3.2,"103,500",103500.0,3.2,600.0,553.0,Combustão,4.4,Europa,57.97,53.43,39.86,3.85,260886.07,-157386.07,163369.17,-59869.17,-36.6,Custo-Benefício Excepcional,https://upload.wikimedia.org/wikipedia/commons/thumb/5/52/2018_BMW_M5_Front.jpg/600px-2018_BMW_M5_Front.jpg
Aston Martin,Vantage,2022,4,503,505,3.5,"146,000",146000.0,3.5,503.0,505.0,Combustão,4.0,Europa,34.45,34.59,34.98,2.4,87959.49,58040.51,116024.17,29975.83,25.8,Preço Compatível com Mercado,https://upload.wikimedia.org/wikipedia/commons/thumb/b/b3/2019_Aston_Martin_Vantage_V8_4.0_Front.jpg/600px-2019_Aston_Martin_Vantage_V8_4.0_Front.jpg
Audi,RS5,2021,2.9,444,443,3.6,"75,400",75400.0,3.6,444.0,443.0,Combustão,2.9,Europa,58.89,58.75,31.97,4.24,-20441.42,95841.42,100948.8,-25548.8,-25.3,Bom Custo-Benefício,https://thumb.wikimedia.org/wikipedia/commons/thumb/1/1d/Audi_A5_B10_DSC_7314.jpg/600px-Audi_A5_B10_DSC_7314.jpg?utm_source=en.wikipedia.org&utm_campaign=api&utm_content=thumbnail
BMW,M2,2022,3,405,406,4,"58,900",58900.0,4.0,405.0,406.0,Combustão,3.0,Europa,68.76,68.93,27.92,4.74,-39280.4,98180.4,82427.96,-23527.96,-28.5,Bom Custo-Benefício,https://thumb.wikimedia.org/wikipedia/commons/thumb/b/b8/BMW_G87_M2_1X7A1838.jpg/600px-BMW_G87_M2_1X7A1838.jpg?utm_source=en.wikipedia.org&utm_campaign=api&utm_content=thumbnail
Chevrolet,Camaro SS,2021,6.2,455,455,4,"42,900",42900.0,4.0,455.0,455.0,Combustão,6.2,Estados Unidos,106.06,106.06,29.86,6.96,67396.0,-24496.0,90716.74,-47816.74,-52.7,Custo-Benefício Excepcional,https://thumb.wikimedia.org/wikipedia/commons/thumb/5/5e/2019_Chevrolet_Camaro_2SS_6.2L_front_3.16.19.jpg/600px-2019_Chevrolet_Camaro_2SS_6.2L_front_3.16.19.jpg?utm_source=en.wikipedia.org&utm_campaign=api&utm_content=thumbnail
Dodge,Challenger SRT Hellcat Redeye,2022,6.2,797,707,3.4,"78,595",78595.0,3.4,797.0,707.0,Combustão,6.2,Estados Unidos,101.41,89.95,45.58,5.8,725626.58,-647031.58,235438.87,-156843.87,-66.6,Custo-Benefício Excepcional,https://images.unsplash.com/photo-1544829099-b9a0c07fad1a?w=600&auto=format&fit=crop&q=80
Ford,GT,2021,3.5,660,550,3,"500,000",500000.0,3.0,660.0,550.0,Combustão,3.5,Estados Unidos,13.2,11.0,42.4,0.85,375610.56,124389.44,211667.18,288332.82,136.2,Prêmio de Exclusividade / Grife,https://upload.wikimedia.org/wikipedia/commons/thumb/f/f0/2017_Ford_GT_Front.jpg/600px-2017_Ford_GT_Front.jpg
Jaguar,F-Type,2022,2,296,295,5.4,"62,750",62750.0,5.4,296.0,295.0,Combustão,2.0,Europa,47.17,47.01,14.66,2.34,-43935.22,106685.22,43218.44,19531.56,45.2,Preço Compatível com Mercado,https://thumb.wikimedia.org/wikipedia/commons/thumb/d/d5/2017_Jaguar_F-Type_V6_R-Dynamic_Automatic_3.0_Front.jpg/600px-2017_Jaguar_F-Type_V6_R-Dynamic_Automatic_3.0_Front.jpg?utm_source=en.wikipedia.org&utm_campaign=api&utm_content=thumbnail
Lamborghini,Aventador,2021,6.5,770,531,2.9,"417,826",417826.0,2.9,770.0,531.0,Combustão,6.5,Europa,18.43,12.71,45.13,1.08,633271.55,-215445.55,318389.85,99436.15,31.2,Preço Compatível com Mercado,https://upload.wikimedia.org/wikipedia/commons/thumb/c/ca/Lamborghini_Aventador_LP_700-4_-_Front_view_orange.jpg/600px-Lamborghini_Aventador_LP_700-4_-_Front_view_orange.jpg
Maserati,GranTurismo,2021,4.7,454,384,4.7,"150,980",150980.0,4.7,454.0,384.0,Combustão,4.7,Europa,30.07,25.43,24.14,1.6,200190.95,-49210.95,79543.26,71436.74,89.8,Prêmio de Exclusividade / Grife,https://thumb.wikimedia.org/wikipedia/commons/thumb/0/00/Maserati_GranTurismo_Trofeo_1X7A0828.jpg/600px-Maserati_GranTurismo_Trofeo_1X7A0828.jpg?utm_source=en.wikipedia.org&utm_campaign=api&utm_content=thumbnail
Mercedes-Benz,C63 AMG,2021,4,503,516,3.8,"70,100",70100.0,3.8,503.0,516.0,Combustão,4.0,Europa,71.75,73.61,33.25,4.74,133121.44,-63021.44,104026.14,-33926.14,-32.6,Custo-Benefício Excepcional,https://images.unsplash.com/photo-1544829099-b9a0c07fad1a?w=600&auto=format&fit=crop&q=80
Nissan,370Z,2021,3.7,332,270,5,"30,090",30090.0,5.0,332.0,270.0,Combustão,3.7,Ásia,110.34,89.73,17.57,5.84,-13257.52,43347.52,56852.89,-26762.89,-47.1,Custo-Benefício Excepcional,https://upload.wikimedia.org/wikipedia/commons/thumb/8/87/Nissan_370Z_Heritage_Edition_Front.jpg/600px-Nissan_370Z_Heritage_Edition_Front.jpg
Porsche,Panamera,2022,2.9,325,331,5.3,"88,700",88700.0,5.3,325.0,331.0,Combustão,2.9,Europa,36.64,37.32,16.56,1.87,-590.16,89290.16,46689.27,42010.73,90.0,Prêmio de Exclusividade / Grife,https://thumb.wikimedia.org/wikipedia/commons/thumb/0/00/Porsche_972_Turbo_E-Hybrid_IMG_0445.jpg/600px-Porsche_972_Turbo_E-Hybrid_IMG_0445.jpg?utm_source=en.wikipedia.org&utm_campaign=api&utm_content=thumbnail
Audi,TT RS,2021,2.5,394,354,3.6,"67,600",67600.0,3.6,394.0,354.0,Combustão,2.5,Europa,58.28,52.37,29.33,4.34,-114764.76,182364.76,96652.56,-29052.56,-30.1,Custo-Benefício Excepcional,https://images.unsplash.com/photo-1544829099-b9a0c07fad1a?w=600&auto=format&fit=crop&q=80
BMW,M4,2022,3,473,406,4.1,"72,800",72800.0,4.1,473.0,406.0,Combustão,3.0,Europa,64.97,55.77,28.77,3.95,142566.07,-69766.07,99267.98,-26467.98,-26.7,Bom Custo-Benefício,https://upload.wikimedia.org/wikipedia/commons/thumb/d/d7/2021_BMW_M4_Competition_Front.jpg/600px-2021_BMW_M4_Competition_Front.jpg
Chevrolet,Corvette Stingray,2021,6.2,490,465,2.8,"59,900",59900.0,2.8,490.0,465.0,Combustão,6.2,Estados Unidos,81.8,77.63,38.47,6.42,-44662.18,104562.18,146301.33,-86401.33,-59.1,Custo-Benefício Excepcional,https://upload.wikimedia.org/wikipedia/commons/thumb/4/4b/Chevrolet_Corvette_C8_IAA_2021_1X7A0156.jpg/600px-Chevrolet_Corvette_C8_IAA_2021_1X7A0156.jpg
Ferrari,F8 Tributo,2021,3.9,710,568,2.8,"274,280",274280.0,2.8,710.0,568.0,Combustão,3.9,Europa,25.89,20.71,45.09,1.64,459487.91,-185207.91,258414.02,15865.98,6.1,Preço Compatível com Mercado,https://upload.wikimedia.org/wikipedia/commons/thumb/e/e5/Ferrari_F8_Tributo_Genf_2019_1Y7A5665.jpg/600px-Ferrari_F8_Tributo_Genf_2019_1Y7A5665.jpg
Ford,Mustang Mach 1,2021,5,480,420,4.3,"52,915",52915.0,4.3,480.0,420.0,Combustão,5.0,Estados Unidos,90.71,79.37,27.89,5.27,187668.44,-134753.44,93570.9,-40655.9,-43.4,Custo-Benefício Excepcional,https://images.unsplash.com/photo-1544829099-b9a0c07fad1a?w=600&auto=format&fit=crop&q=80
Lamborghini,Urus,2021,4,641,627,3.6,"218,009",218009.0,3.6,641.0,627.0,Combustão,4.0,Europa,29.4,28.76,39.49,1.81,402661.59,-184652.59,149005.79,69003.21,46.3,Preço Compatível com Mercado,https://upload.wikimedia.org/wikipedia/commons/thumb/1/19/2018_Lamborghini_Urus_4.0_Front.jpg/600px-2018_Lamborghini_Urus_4.0_Front.jpg
Porsche,718 Cayman,2022,2,300,280,4.5,"61,000",61000.0,4.5,300.0,280.0,Combustão,2.0,Europa,49.18,45.9,20.23,3.32,-175235.23,236235.23,59322.15,1677.85,2.8,Preço Compatível com Mercado,https://images.unsplash.com/photo-1544829099-b9a0c07fad1a?w=600&auto=format&fit=crop&q=80
Acura,NSX,2022,3.5,573,476,2.9,"159,495",159495.0,2.9,573.0,476.0,Combustão,3.5,Ásia,35.93,29.84,39.84,2.5,170329.88,-10834.88,182208.59,-22713.59,-12.5,Bom Custo-Benefício,https://images.unsplash.com/photo-1544829099-b9a0c07fad1a?w=600&auto=format&fit=crop&q=80
Aston Martin,Vantage,2022,4,503,505,3.5,"142,086",142086.0,3.5,503.0,505.0,Combustão,4.0,Europa,35.4,35.54,34.98,2.46,87959.49,54126.51,116024.17,26061.83,22.5,Preço Compatível com Mercado,https://upload.wikimedia.org/wikipedia/commons/thumb/b/b3/2019_Aston_Martin_Vantage_V8_4.0_Front.jpg/600px-2019_Aston_Martin_Vantage_V8_4.0_Front.jpg
Bentley,Continental GT,2021,6,626,664,3.3,"219,800",219800.0,3.3,626.0,664.0,Combustão,6.0,Europa,28.48,30.21,41.71,1.9,306133.28,-86333.28,148766.01,71033.99,47.7,Preço Compatível com Mercado,https://images.unsplash.com/photo-1544829099-b9a0c07fad1a?w=600&auto=format&fit=crop&q=80
Bugatti,Chiron,2022,8,1500,1180,2.4,"3,000,000",3000000.0,2.4,1500.0,1180.0,Combustão,8.0,Europa,5.0,3.93,75.61,0.25,2130321.44,869678.56,1647499.52,1352500.48,82.1,Prêmio de Exclusividade / Grife,https://upload.wikimedia.org/wikipedia/commons/thumb/1/18/Bugatti_Chiron_1.jpg/600px-Bugatti_Chiron_1.jpg
Dodge,Challenger SRT Hellcat Redeye,2022,6.2,797,707,3.4,"74,290",74290.0,3.4,797.0,707.0,Combustão,6.2,Estados Unidos,107.28,95.17,45.58,6.14,725626.58,-651336.58,235438.87,-161148.87,-68.4,Custo-Benefício Excepcional,https://images.unsplash.com/photo-1544829099-b9a0c07fad1a?w=600&auto=format&fit=crop&q=80
Jaguar,F-Type,2022,3,380,339,4.9,"71,900",71900.0,4.9,380.0,339.0,Combustão,3.0,Europa,52.85,47.15,20.46,2.85,66183.65,5716.35,62509.17,9390.83,15.0,Preço Compatível com Mercado,https://thumb.wikimedia.org/wikipedia/commons/thumb/d/d5/2017_Jaguar_F-Type_V6_R-Dynamic_Automatic_3.0_Front.jpg/600px-2017_Jaguar_F-Type_V6_R-Dynamic_Automatic_3.0_Front.jpg?utm_source=en.wikipedia.org&utm_campaign=api&utm_content=thumbnail
Koenigsegg,Jesko,2022,5,1600,1106,2.5,"3,000,000",3000000.0,2.5,1600.0,1106.0,Combustão,5.0,Europa,5.33,3.69,75.89,0.25,2412978.81,587021.19,2421307.92,578692.08,23.9,Preço Compatível com Mercado,https://upload.wikimedia.org/wikipedia/commons/thumb/3/30/Koenigsegg_Jesko_Genf_2019_1Y7A5478.jpg/600px-Koenigsegg_Jesko_Genf_2019_1Y7A5478.jpg
Lexus,LC 500,2022,5,471,398,4.4,"92,950",92950.0,4.4,471.0,398.0,Combustão,5.0,Ásia,50.67,42.82,26.68,2.87,188723.37,-95773.37,90660.8,2289.2,2.5,Preço Compatível com Mercado,https://thumb.wikimedia.org/wikipedia/commons/thumb/8/89/2023_Lexus_LC500_in_Atomic_Silver%2C_front_left.jpg/600px-2023_Lexus_LC500_in_Atomic_Silver%2C_front_left.jpg?utm_source=en.wikipedia.org&utm_campaign=api&utm_content=thumbnail
Maserati,GranTurismo,2022,4.7,454,384,4.7,"134,300",134300.0,4.7,454.0,384.0,Combustão,4.7,Europa,33.8,28.59,24.14,1.8,200190.95,-65890.95,79543.26,54756.74,68.8,Prêmio de Exclusividade / Grife,https://thumb.wikimedia.org/wikipedia/commons/thumb/0/00/Maserati_GranTurismo_Trofeo_1X7A0828.jpg/600px-Maserati_GranTurismo_Trofeo_1X7A0828.jpg?utm_source=en.wikipedia.org&utm_campaign=api&utm_content=thumbnail
Mazda,MX-5 Miata,2021,2,181,151,6.5,"26,830",26830.0,6.5,181.0,151.0,Combustão,2.0,Ásia,67.46,56.28,2.62,0.98,-101574.87,128404.87,25517.28,1312.72,5.1,Preço Compatível com Mercado,https://images.unsplash.com/photo-1544829099-b9a0c07fad1a?w=600&auto=format&fit=crop&q=80
McLaren,GT,2022,4,620,465,3.1,"213,195",213195.0,3.1,620.0,465.0,Combustão,4.0,Europa,29.08,21.81,39.41,1.85,320600.05,-107405.05,201680.8,11514.2,5.7,Preço Compatível com Mercado,https://upload.wikimedia.org/wikipedia/commons/thumb/f/f6/McLaren_GT_IMG_3457.jpg/600px-McLaren_GT_IMG_3457.jpg
Mercedes-Benz,SLS AMG,2015,6.2,622,468,3.7,"221,580",221580.0,3.7,622.0,468.0,Combustão,6.2,Europa,28.07,21.12,35.68,1.61,421664.01,-200084.01,167272.69,54307.31,32.5,Preço Compatível com Mercado,https://images.unsplash.com/photo-1544829099-b9a0c07fad1a?w=600&auto=format&fit=crop&q=80
Pagani,Huayra,2022,6,764,738,2.8,"2,800,000",2800000.0,2.8,764.0,738.0,Combustão,6.0,Europa,2.73,2.64,49.22,0.18,538540.98,2261459.02,245890.47,2554109.53,1038.7,Prêmio de Exclusividade / Grife,https://images.unsplash.com/photo-1544829099-b9a0c07fad1a?w=600&auto=format&fit=crop&q=80
Porsche,718 Cayman GT4,2022,4,414,309,4.2,"100,550",100550.0,4.2,414.0,309.0,Combustão,4.0,Europa,41.17,30.73,25.16,2.5,44974.09,55575.91,90416.21,10133.79,11.2,Preço Compatível com Mercado,https://images.unsplash.com/photo-1544829099-b9a0c07fad1a?w=600&auto=format&fit=crop&q=80
Rimac,Nevera,2022,Electric,1914,1696,1.95,"2,400,000",2400000.0,1.95,1914.0,1696.0,Elétrico,0.0,Europa,7.98,7.07,96.53,0.4,2906706.11,-506706.11,3634643.79,-1234643.79,-34.0,Custo-Benefício Excepcional,https://upload.wikimedia.org/wikipedia/commons/thumb/f/f0/Rimac_Nevera_IMG_4953.jpg/600px-Rimac_Nevera_IMG_4953.jpg
Rolls-Royce,Wraith,2021,6.8,624,605,4.4,"330,000",330000.0,4.4,624.0,605.0,Combustão,6.8,Europa,18.91,18.33,33.63,1.02,497531.51,-167531.51,112807.42,217192.58,192.5,Prêmio de Exclusividade / Grife,https://images.unsplash.com/photo-1544829099-b9a0c07fad1a?w=600&auto=format&fit=crop&q=80
Tesla,Roadster,2022,Electric,1000+,737,1.9,"200,000",200000.0,1.9,1000.0,737.0,Elétrico,0.0,Estados Unidos,50.0,36.85,60.14,3.01,968110.79,-768110.79,695967.22,-495967.22,-71.3,Custo-Benefício Excepcional,https://upload.wikimedia.org/wikipedia/commons/thumb/8/8c/Tesla_Roadster_2020_front.jpg/600px-Tesla_Roadster_2020_front.jpg
Toyota,Supra,2022,3,382,368,3.9,"43,090",43090.0,3.9,382.0,368.0,Combustão,3.0,Ásia,88.65,85.4,27.39,6.36,-99763.43,142853.43,83068.18,-39978.18,-48.1,Custo-Benefício Excepcional,https://images.unsplash.com/photo-1544829099-b9a0c07fad1a?w=600&auto=format&fit=crop&q=80
W Motors,Fenyr Supersport,2022,3.8,800,723,2.7,"1,700,000",1700000.0,2.7,800.0,723.0,Combustão,3.8,Oriente Médio,4.71,4.25,50.39,0.3,614689.46,1085310.54,290393.74,1409606.26,485.4,Prêmio de Exclusividade / Grife,https://images.unsplash.com/photo-1544829099-b9a0c07fad1a?w=600&auto=format&fit=crop&q=80
Porsche,718 Cayman,2022,2,300,280,4.7,"60,500",60500.0,4.7,300.0,280.0,Combustão,2.0,Europa,49.59,46.28,18.96,3.13,-142862.53,203362.53,55690.25,4809.75,8.6,Preço Compatível com Mercado,https://images.unsplash.com/photo-1544829099-b9a0c07fad1a?w=600&auto=format&fit=crop&q=80
Lamborghini,Aventador,2021,6.5,770,531,2.9,"522,000",522000.0,2.9,770.0,531.0,Combustão,6.5,Europa,14.75,10.17,45.13,0.86,633271.55,-111271.55,318389.85,203610.15,63.9,Prêmio de Exclusividade / Grife,https://upload.wikimedia.org/wikipedia/commons/thumb/c/ca/Lamborghini_Aventador_LP_700-4_-_Front_view_orange.jpg/600px-Lamborghini_Aventador_LP_700-4_-_Front_view_orange.jpg
Audi,TT RS,2022,2.5,394,354,3.4,"67,000",67000.0,3.4,394.0,354.0,Combustão,2.5,Europa,58.81,52.84,30.6,4.57,-147137.45,214137.45,102955.86,-35955.86,-34.9,Custo-Benefício Excepcional,https://images.unsplash.com/photo-1544829099-b9a0c07fad1a?w=600&auto=format&fit=crop&q=80
McLaren,GT,2021,4,612,465,3.1,"212,500",212500.0,3.1,612.0,465.0,Combustão,4.0,Europa,28.8,21.88,39.23,1.85,301110.62,-88610.62,196585.91,15914.09,8.1,Preço Compatível com Mercado,https://upload.wikimedia.org/wikipedia/commons/thumb/f/f6/McLaren_GT_IMG_3457.jpg/600px-McLaren_GT_IMG_3457.jpg
BMW,M4,2022,3,503,479,3.8,"75,000",75000.0,3.8,503.0,479.0,Combustão,3.0,Europa,67.07,63.87,32.61,4.35,144548.03,-69548.03,109185.05,-34185.05,-31.3,Custo-Benefício Excepcional,https://upload.wikimedia.org/wikipedia/commons/thumb/d/d7/2021_BMW_M4_Competition_Front.jpg/600px-2021_BMW_M4_Competition_Front.jpg
Mercedes-Benz,SL 63 AMG,2021,4,603,664,3.5,"155,000",155000.0,3.5,603.0,664.0,Combustão,4.0,Europa,38.9,42.84,39.93,2.58,282473.87,-127473.87,129753.32,25246.68,19.5,Preço Compatível com Mercado,https://images.unsplash.com/photo-1544829099-b9a0c07fad1a?w=600&auto=format&fit=crop&q=80
Chevrolet,Camaro ZL1,2021,6.2,650,650,3.5,"64,000",64000.0,3.5,650.0,650.0,Combustão,6.2,Estados Unidos,101.56,101.56,40.72,6.36,401297.83,-337297.83,153587.65,-89587.65,-58.3,Custo-Benefício Excepcional,https://images.unsplash.com/photo-1544829099-b9a0c07fad1a?w=600&auto=format&fit=crop&q=80
Ford,GT,2022,3.5,660,550,2.8,"500,000",500000.0,2.8,660.0,550.0,Combustão,3.5,Estados Unidos,13.2,11.0,43.68,0.87,343237.87,156762.13,225471.29,274528.71,121.8,Prêmio de Exclusividade / Grife,https://upload.wikimedia.org/wikipedia/commons/thumb/f/f0/2017_Ford_GT_Front.jpg/600px-2017_Ford_GT_Front.jpg
Nissan,370Z,2021,3.7,332,270,4.7,"31,015",31015.0,4.7,332.0,270.0,Combustão,3.7,Ásia,107.04,87.05,19.49,6.28,-61816.56,92831.56,62504.19,-31489.19,-50.4,Custo-Benefício Excepcional,https://upload.wikimedia.org/wikipedia/commons/thumb/8/87/Nissan_370Z_Heritage_Edition_Front.jpg/600px-Nissan_370Z_Heritage_Edition_Front.jpg
Aston Martin,DBS Superleggera,2021,5.2,715,664,3.4,"304,995",304995.0,3.4,715.0,664.0,Combustão,5.2,Europa,23.44,21.77,43.03,1.41,539139.5,-234144.5,191605.43,113389.57,59.2,Prêmio de Exclusividade / Grife,https://images.unsplash.com/photo-1544829099-b9a0c07fad1a?w=600&auto=format&fit=crop&q=80
McLaren,570S,2021,3.8,562,443,3.2,"192,500",192500.0,3.2,562.0,443.0,Combustão,3.8,Europa,29.19,23.01,37.12,1.93,202282.24,-9782.24,167063.36,25436.64,15.2,Preço Compatível com Mercado,https://upload.wikimedia.org/wikipedia/commons/thumb/2/2f/2016_McLaren_570S_Coupe_Front.jpg/600px-2016_McLaren_570S_Coupe_Front.jpg
Porsche,Panamera Turbo S E-Hybrid,2021,4,690,642,3.2,"190,000",190000.0,3.2,690.0,642.0,Combustão,4.0,Europa,36.32,33.79,43.38,2.28,452656.54,-262656.54,193918.3,-3918.3,-2.0,Bom Custo-Benefício,https://thumb.wikimedia.org/wikipedia/commons/thumb/0/00/Porsche_972_Turbo_E-Hybrid_IMG_0445.jpg/600px-Porsche_972_Turbo_E-Hybrid_IMG_0445.jpg?utm_source=en.wikipedia.org&utm_campaign=api&utm_content=thumbnail
Lamborghini,Urus,2021,4,641,627,3.6,"222,000",222000.0,3.6,641.0,627.0,Combustão,4.0,Europa,28.87,28.24,39.49,1.78,402661.59,-180661.59,149005.79,72994.21,49.0,Preço Compatível com Mercado,https://upload.wikimedia.org/wikipedia/commons/thumb/1/19/2018_Lamborghini_Urus_4.0_Front.jpg/600px-2018_Lamborghini_Urus_4.0_Front.jpg
Audi,RS7,2021,4,591,590,3.5,"115,000",115000.0,3.5,591.0,590.0,Combustão,4.0,Europa,51.39,51.3,38.38,3.34,276092.91,-161092.91,137559.82,-22559.82,-16.4,Bom Custo-Benefício,https://upload.wikimedia.org/wikipedia/commons/thumb/8/88/Audi_RS_7_Sportback_IAA_2019_1X7A0265.jpg/600px-Audi_RS_7_Sportback_IAA_2019_1X7A0265.jpg
BMW,M2,2022,3,405,406,4.2,"59,000",59000.0,4.2,405.0,406.0,Combustão,3.0,Europa,68.64,68.81,26.64,4.52,-6907.71,65907.71,77381.44,-18381.44,-23.8,Bom Custo-Benefício,https://thumb.wikimedia.org/wikipedia/commons/thumb/b/b8/BMW_G87_M2_1X7A1838.jpg/600px-BMW_G87_M2_1X7A1838.jpg?utm_source=en.wikipedia.org&utm_campaign=api&utm_content=thumbnail
Porsche,Cayman GT4,2022,4,414,309,4.2,"102,100",102100.0,4.2,414.0,309.0,Combustão,4.0,Europa,40.55,30.26,25.16,2.46,44974.09,57125.91,90416.21,11683.79,12.9,Preço Compatível com Mercado,https://images.unsplash.com/photo-1544829099-b9a0c07fad1a?w=600&auto=format&fit=crop&q=80
Lamborghini,Aventador,2021,6.5,730,509,2.9,"417,826",417826.0,2.9,730.0,509.0,Combustão,6.5,Europa,17.47,12.18,43.87,1.05,542618.6,-124792.6,288334.84,129491.16,44.9,Preço Compatível com Mercado,https://upload.wikimedia.org/wikipedia/commons/thumb/c/ca/Lamborghini_Aventador_LP_700-4_-_Front_view_orange.jpg/600px-Lamborghini_Aventador_LP_700-4_-_Front_view_orange.jpg
Aston Martin,DBS Superleggera,2021,5.2,715,664,3.2,"304,995",304995.0,3.2,715.0,664.0,Combustão,5.2,Europa,23.44,21.77,44.31,1.45,506766.81,-201771.81,204101.19,100893.81,49.4,Preço Compatível com Mercado,https://images.unsplash.com/photo-1544829099-b9a0c07fad1a?w=600&auto=format&fit=crop&q=80
Bentley,Continental GT,2021,6,626,664,3.6,"220,300",220300.0,3.6,626.0,664.0,Combustão,6.0,Europa,28.42,30.14,39.8,1.81,354692.32,-134392.32,135315.37,84984.63,62.8,Prêmio de Exclusividade / Grife,https://images.unsplash.com/photo-1544829099-b9a0c07fad1a?w=600&auto=format&fit=crop&q=80
Audi,RS7,2022,4,591,590,3.5,"114,000",114000.0,3.5,591.0,590.0,Combustão,4.0,Europa,51.84,51.75,38.38,3.37,276092.91,-162092.91,137559.82,-23559.82,-17.1,Bom Custo-Benefício,https://upload.wikimedia.org/wikipedia/commons/thumb/8/88/Audi_RS_7_Sportback_IAA_2019_1X7A0265.jpg/600px-Audi_RS_7_Sportback_IAA_2019_1X7A0265.jpg
Mercedes-Benz,SLS AMG,2021,6.2,622,468,3.7,"239,100",239100.0,3.7,622.0,468.0,Combustão,6.2,Europa,26.01,19.57,35.68,1.49,421664.01,-182564.01,167272.69,71827.31,42.9,Preço Compatível com Mercado,https://images.unsplash.com/photo-1544829099-b9a0c07fad1a?w=600&auto=format&fit=crop&q=80
McLaren,570S,2021,3.8,562,443,3.1,"192,500",192500.0,3.1,562.0,443.0,Combustão,3.8,Europa,29.19,23.01,37.75,1.96,186095.89,6404.11,172424.93,20075.07,11.6,Preço Compatível com Mercado,https://upload.wikimedia.org/wikipedia/commons/thumb/2/2f/2016_McLaren_570S_Coupe_Front.jpg/600px-2016_McLaren_570S_Coupe_Front.jpg
Chevrolet,Camaro ZL1,2021,6.2,650,650,3.5,"62,500",62500.0,3.5,650.0,650.0,Combustão,6.2,Estados Unidos,104.0,104.0,40.72,6.52,401297.83,-338797.83,153587.65,-91087.65,-59.3,Custo-Benefício Excepcional,https://images.unsplash.com/photo-1544829099-b9a0c07fad1a?w=600&auto=format&fit=crop&q=80
Dodge,Challenger SRT Hellcat,2021,6.2,717,656,3.5,"65,290",65290.0,3.5,717.0,656.0,Combustão,6.2,Estados Unidos,109.82,100.47,42.3,6.48,562668.82,-497378.82,188804.36,-123514.36,-65.4,Custo-Benefício Excepcional,https://upload.wikimedia.org/wikipedia/commons/thumb/2/2c/2015_Dodge_Challenger_SRT_Hellcat_Front.jpg/600px-2015_Dodge_Challenger_SRT_Hellcat_Front.jpg
Ferrari,Portofino,2021,3.9,592,560,3.5,"219,750",219750.0,3.5,592.0,560.0,Combustão,3.9,Europa,26.94,25.48,37.89,1.72,287793.89,-68043.89,143523.97,76226.03,53.1,Prêmio de Exclusividade / Grife,https://images.unsplash.com/photo-1544829099-b9a0c07fad1a?w=600&auto=format&fit=crop&q=80
Porsche,Panamera Turbo S,2022,4,620,604,2.9,"187,700",187700.0,2.9,620.0,604.0,Combustão,4.0,Europa,33.03,32.18,43.09,2.3,245300.43,-57600.43,179115.29,8584.71,4.8,Preço Compatível com Mercado,https://thumb.wikimedia.org/wikipedia/commons/thumb/0/00/Porsche_972_Turbo_E-Hybrid_IMG_0445.jpg/600px-Porsche_972_Turbo_E-Hybrid_IMG_0445.jpg?utm_source=en.wikipedia.org&utm_campaign=api&utm_content=thumbnail
Lamborghini,Urus,2021,4,641,627,3.6,"222,004",222004.0,3.6,641.0,627.0,Combustão,4.0,Europa,28.87,28.24,39.49,1.78,402661.59,-180657.59,149005.79,72998.21,49.0,Preço Compatível com Mercado,https://upload.wikimedia.org/wikipedia/commons/thumb/1/19/2018_Lamborghini_Urus_4.0_Front.jpg/600px-2018_Lamborghini_Urus_4.0_Front.jpg
Mercedes-Benz,AMG C63,2021,4,469,479,3.8,"71,350",71350.0,3.8,469.0,479.0,Combustão,4.0,Europa,65.73,67.13,31.86,4.47,61717.96,9632.04,97934.66,-26584.66,-27.1,Bom Custo-Benefício,https://thumb.wikimedia.org/wikipedia/commons/thumb/2/2e/Mercedes-Benz_SLS_AMG_%28C_197%29_%E2%80%93_Frontansicht_ge%C3%B6ffnet%2C_10._August_2011%2C_D%C3%BCsseldorf.jpg/960px-Mercedes-Benz_SLS_AMG_%28C_197%29_%E2%80%93_Frontansicht_ge%C3%B6ffnet%2C_10._August_2011%2C_D%C3%BCsseldorf.jpg?utm_source=en.wikipedia.org&utm_campaign=api&utm_content=thumbnail
Aston Martin,Vantage,2021,4,503,505,3.6,"146,000",146000.0,3.6,503.0,505.0,Combustão,4.0,Europa,34.45,34.59,34.34,2.35,104145.84,41854.16,112416.38,33583.62,29.9,Preço Compatível com Mercado,https://upload.wikimedia.org/wikipedia/commons/thumb/b/b3/2019_Aston_Martin_Vantage_V8_4.0_Front.jpg/600px-2019_Aston_Martin_Vantage_V8_4.0_Front.jpg
Porsche,Cayman,2022,2.5,365,309,4.5,"68,900",68900.0,4.5,365.0,309.0,Combustão,2.5,Europa,52.98,44.85,22.16,3.22,-25839.61,94739.61,70311.71,-1411.71,-2.0,Bom Custo-Benefício,https://thumb.wikimedia.org/wikipedia/commons/thumb/2/2d/Porsche_718_Boxster_Spyder_IMG_2961.jpg/600px-Porsche_718_Boxster_Spyder_IMG_2961.jpg?utm_source=en.wikipedia.org&utm_campaign=api&utm_content=thumbnail
Lamborghini,Aventador,2021,6.5,730,507,2.8,"517,770",517770.0,2.8,730.0,507.0,Combustão,6.5,Europa,14.1,9.79,44.47,0.86,527049.91,-9279.91,298368.0,219402.0,73.5,Prêmio de Exclusividade / Grife,https://upload.wikimedia.org/wikipedia/commons/thumb/c/ca/Lamborghini_Aventador_LP_700-4_-_Front_view_orange.jpg/600px-Lamborghini_Aventador_LP_700-4_-_Front_view_orange.jpg
Ferrari,F8 Tributo,2022,3.9,710,568,2.9,"276,550",276550.0,2.9,710.0,568.0,Combustão,3.9,Europa,25.67,20.54,44.45,1.61,475674.25,-199124.25,250378.6,26171.4,10.5,Preço Compatível com Mercado,https://upload.wikimedia.org/wikipedia/commons/thumb/e/e5/Ferrari_F8_Tributo_Genf_2019_1Y7A5665.jpg/600px-Ferrari_F8_Tributo_Genf_2019_1Y7A5665.jpg
BMW,Z4 M40i,2022,3,382,369,3.9,"63,700",63700.0,3.9,382.0,369.0,Combustão,3.0,Europa,59.97,57.93,27.41,4.3,-100072.26,163772.26,82959.59,-19259.59,-23.2,Bom Custo-Benefício,https://images.unsplash.com/photo-1544829099-b9a0c07fad1a?w=600&auto=format&fit=crop&q=80
Chevrolet,Camaro SS,2022,6.2,455,455,4.1,"44,000",44000.0,4.1,455.0,455.0,Combustão,6.2,Estados Unidos,103.41,103.41,29.23,6.64,83582.35,-39582.35,87895.89,-43895.89,-49.9,Custo-Benefício Excepcional,https://thumb.wikimedia.org/wikipedia/commons/thumb/5/5e/2019_Chevrolet_Camaro_2SS_6.2L_front_3.16.19.jpg/600px-2019_Chevrolet_Camaro_2SS_6.2L_front_3.16.19.jpg?utm_source=en.wikipedia.org&utm_campaign=api&utm_content=thumbnail
Ford,Mustang Mach 1,2021,5,480,420,4,"51,720",51720.0,4.0,480.0,420.0,Combustão,5.0,Estados Unidos,92.81,81.21,29.81,5.76,139109.4,-87389.4,102872.05,-51152.05,-49.7,Custo-Benefício Excepcional,https://images.unsplash.com/photo-1544829099-b9a0c07fad1a?w=600&auto=format&fit=crop&q=80
Nissan,370Z Nismo,2021,3.7,350,276,4.9,"45,790",45790.0,4.9,350.0,276.0,Combustão,3.7,Ásia,76.44,60.28,18.71,4.09,12554.39,33235.61,61668.74,-15878.74,-25.7,Bom Custo-Benefício,https://upload.wikimedia.org/wikipedia/commons/thumb/8/87/Nissan_370Z_Heritage_Edition_Front.jpg/600px-Nissan_370Z_Heritage_Edition_Front.jpg
Porsche,Panamera,2022,2.9,325,331,5.4,"88,550",88550.0,5.4,325.0,331.0,Combustão,2.9,Europa,36.7,37.38,15.92,1.8,15596.18,72953.82,45237.46,43312.54,95.7,Prêmio de Exclusividade / Grife,https://thumb.wikimedia.org/wikipedia/commons/thumb/0/00/Porsche_972_Turbo_E-Hybrid_IMG_0445.jpg/600px-Porsche_972_Turbo_E-Hybrid_IMG_0445.jpg?utm_source=en.wikipedia.org&utm_campaign=api&utm_content=thumbnail
Lamborghini,Urus,2021,4,641,627,3.5,"218,009",218009.0,3.5,641.0,627.0,Combustão,4.0,Europa,29.4,28.76,40.12,1.84,386475.24,-168466.24,153787.85,64221.15,41.8,Preço Compatível com Mercado,https://upload.wikimedia.org/wikipedia/commons/thumb/1/19/2018_Lamborghini_Urus_4.0_Front.jpg/600px-2018_Lamborghini_Urus_4.0_Front.jpg
Ferrari,Roma,2021,3.9,612,561,3.3,"222,620",222620.0,3.3,612.0,561.0,Combustão,3.9,Europa,27.49,25.2,39.62,1.78,303835.94,-81215.94,162770.04,59849.96,36.8,Preço Compatível com Mercado,https://upload.wikimedia.org/wikipedia/commons/thumb/a/a2/Ferrari_Roma_Genf_2020_1Y7A5678.jpg/600px-Ferrari_Roma_Genf_2020_1Y7A5678.jpg
Audi,RS 3,2022,2.5,401,369,3.6,"56,200",56200.0,3.6,401.0,369.0,Combustão,2.5,Europa,71.35,65.66,29.74,5.29,-102343.91,158543.91,96920.27,-40720.27,-42.0,Custo-Benefício Excepcional,https://images.unsplash.com/photo-1544829099-b9a0c07fad1a?w=600&auto=format&fit=crop&q=80
McLaren,GT,2021,4,612,465,3.2,"200,000",200000.0,3.2,612.0,465.0,Combustão,4.0,Europa,30.6,23.25,38.6,1.93,317296.97,-117296.97,190473.04,9526.96,5.0,Preço Compatível com Mercado,https://upload.wikimedia.org/wikipedia/commons/thumb/f/f6/McLaren_GT_IMG_3457.jpg/600px-McLaren_GT_IMG_3457.jpg
BMW,M2 CS,2022,3,444,406,3.8,"84,595",84595.0,3.8,444.0,406.0,Combustão,3.0,Europa,52.49,47.99,30.05,3.55,23357.86,61237.14,99468.17,-14873.17,-15.0,Bom Custo-Benefício,https://thumb.wikimedia.org/wikipedia/commons/thumb/b/b8/BMW_G87_M2_1X7A1838.jpg/600px-BMW_G87_M2_1X7A1838.jpg?utm_source=en.wikipedia.org&utm_campaign=api&utm_content=thumbnail
Mercedes-Benz,AMG C63,2021,4,503,516,3.8,"77,500",77500.0,3.8,503.0,516.0,Combustão,4.0,Europa,64.9,66.58,33.25,4.29,133121.44,-55621.44,104026.14,-26526.14,-25.5,Bom Custo-Benefício,https://thumb.wikimedia.org/wikipedia/commons/thumb/2/2e/Mercedes-Benz_SLS_AMG_%28C_197%29_%E2%80%93_Frontansicht_ge%C3%B6ffnet%2C_10._August_2011%2C_D%C3%BCsseldorf.jpg/960px-Mercedes-Benz_SLS_AMG_%28C_197%29_%E2%80%93_Frontansicht_ge%C3%B6ffnet%2C_10._August_2011%2C_D%C3%BCsseldorf.jpg?utm_source=en.wikipedia.org&utm_campaign=api&utm_content=thumbnail
Acura,NSX,2021,3.5,573,476,2.7,"157,500",157500.0,2.7,573.0,476.0,Combustão,3.5,Ásia,36.38,30.22,41.12,2.61,137957.19,19542.81,194091.53,-36591.53,-18.9,Bom Custo-Benefício,https://images.unsplash.com/photo-1544829099-b9a0c07fad1a?w=600&auto=format&fit=crop&q=80
Aston Martin,DB11,2022,4,503,513,3.7,"204,100",204100.0,3.7,503.0,513.0,Combustão,4.0,Europa,24.64,25.13,33.84,1.66,117861.57,86238.43,107786.83,96313.17,89.4,Prêmio de Exclusividade / Grife,https://upload.wikimedia.org/wikipedia/commons/thumb/4/47/2017_Aston_Martin_DB11_V12_Automatic_5.2_Front.jpg/600px-2017_Aston_Martin_DB11_V12_Automatic_5.2_Front.jpg
Bentley,Continental GT,2021,6,626,664,3.4,"220,300",220300.0,3.4,626.0,664.0,Combustão,6.0,Europa,28.42,30.14,41.07,1.86,322319.63,-102019.63,144140.11,76159.89,52.8,Prêmio de Exclusividade / Grife,https://images.unsplash.com/photo-1544829099-b9a0c07fad1a?w=600&auto=format&fit=crop&q=80
Dodge,Viper,2017,8.4,645,600,3.3,"120,000",120000.0,3.3,645.0,600.0,Combustão,8.4,Estados Unidos,53.75,50.0,41.02,3.42,372185.58,-252185.58,171891.84,-51891.84,-30.2,Custo-Benefício Excepcional,https://images.unsplash.com/photo-1544829099-b9a0c07fad1a?w=600&auto=format&fit=crop&q=80
Jaguar,F-Type,2022,3,380,339,4.9,"69,900",69900.0,4.9,380.0,339.0,Combustão,3.0,Europa,54.36,48.5,20.46,2.93,66183.65,3716.35,62509.17,7390.83,11.8,Preço Compatível com Mercado,https://thumb.wikimedia.org/wikipedia/commons/thumb/d/d5/2017_Jaguar_F-Type_V6_R-Dynamic_Automatic_3.0_Front.jpg/600px-2017_Jaguar_F-Type_V6_R-Dynamic_Automatic_3.0_Front.jpg?utm_source=en.wikipedia.org&utm_campaign=api&utm_content=thumbnail
Lotus,Evora GT,2021,3.5,416,317,3.8,"105,950",105950.0,3.8,416.0,317.0,Combustão,3.5,Europa,39.26,29.92,27.89,2.63,-17369.55,123319.55,102177.39,3772.61,3.7,Preço Compatível com Mercado,https://thumb.wikimedia.org/wikipedia/commons/thumb/2/26/2017_Lotus_Evora_400%2C_sky_blue%2C_front_left.jpg/960px-2017_Lotus_Evora_400%2C_sky_blue%2C_front_left.jpg?utm_source=en.wikipedia.org&utm_campaign=api&utm_content=thumbnail
Maserati,GranTurismo,2020,4.7,454,384,4.8,"150,000",150000.0,4.8,454.0,384.0,Combustão,4.7,Europa,30.27,25.6,23.51,1.57,216377.3,-66377.3,77069.85,72930.15,94.6,Prêmio de Exclusividade / Grife,https://thumb.wikimedia.org/wikipedia/commons/thumb/0/00/Maserati_GranTurismo_Trofeo_1X7A0828.jpg/600px-Maserati_GranTurismo_Trofeo_1X7A0828.jpg?utm_source=en.wikipedia.org&utm_campaign=api&utm_content=thumbnail
McLaren,570S,2020,3.8,562,443,3.1,"204,550",204550.0,3.1,562.0,443.0,Combustão,3.8,Europa,27.47,21.66,37.75,1.85,186095.89,18454.11,172424.93,32125.07,18.6,Preço Compatível com Mercado,https://upload.wikimedia.org/wikipedia/commons/thumb/2/2f/2016_McLaren_570S_Coupe_Front.jpg/600px-2016_McLaren_570S_Coupe_Front.jpg
Pagani,Huayra,2020,6,720,738,3,"2,700,000",2700000.0,3.0,720.0,738.0,Combustão,6.0,Europa,2.67,2.73,46.98,0.17,463721.83,2236278.17,200533.53,2499466.47,1246.4,Prêmio de Exclusividade / Grife,https://images.unsplash.com/photo-1544829099-b9a0c07fad1a?w=600&auto=format&fit=crop&q=80
Porsche,Cayman GT4,2022,4,414,309,4.2,"102,900",102900.0,4.2,414.0,309.0,Combustão,4.0,Europa,40.23,30.03,25.16,2.45,44974.09,57925.91,90416.21,12483.79,13.8,Preço Compatível com Mercado,https://images.unsplash.com/photo-1544829099-b9a0c07fad1a?w=600&auto=format&fit=crop&q=80
Rimac,C_Two,2022,,1914,1696,1.9,"2,400,000",2400000.0,1.9,1914.0,1696.0,Elétrico,0.0,Europa,7.98,7.07,96.85,0.4,2898612.93,-498612.93,3692506.65,-1292506.65,-35.0,Custo-Benefício Excepcional,https://images.unsplash.com/photo-1544829099-b9a0c07fad1a?w=600&auto=format&fit=crop&q=80
Rolls-Royce,Wraith,2021,6.6,624,605,4.3,"330,000",330000.0,4.3,624.0,605.0,Combustão,6.6,Europa,18.91,18.33,34.26,1.04,481345.17,-151345.17,116427.76,213572.24,183.4,Prêmio de Exclusividade / Grife,https://images.unsplash.com/photo-1544829099-b9a0c07fad1a?w=600&auto=format&fit=crop&q=80
Shelby,Cobra,1965,7,435,440,4.2,"1,000,000",1000000.0,4.2,435.0,440.0,Combustão,7.0,Estados Unidos,4.35,4.4,27.89,0.28,55677.53,944322.47,81468.77,918531.23,1127.5,Prêmio de Exclusividade / Grife,https://images.unsplash.com/photo-1544829099-b9a0c07fad1a?w=600&auto=format&fit=crop&q=80
Tesla,Model S Plaid,2021,,1020,1050,1.98,"131,190",131190.0,1.98,1020.0,1050.0,Elétrico,0.0,Estados Unidos,77.75,80.04,65.49,4.99,933120.65,-801930.65,480363.98,-349173.98,-72.7,Custo-Benefício Excepcional,https://upload.wikimedia.org/wikipedia/commons/thumb/1/14/2018_Tesla_Model_S_75D_Front.jpg/600px-2018_Tesla_Model_S_75D_Front.jpg
Toyota,GR Supra,2022,3,382,368,3.9,"43,090",43090.0,3.9,382.0,368.0,Combustão,3.0,Ásia,88.65,85.4,27.39,6.36,-99763.43,142853.43,83068.18,-39978.18,-48.1,Custo-Benefício Excepcional,https://images.unsplash.com/photo-1544829099-b9a0c07fad1a?w=600&auto=format&fit=crop&q=80
TVR,Griffith,2022,5,500,479,3.8,"123,500",123500.0,3.8,500.0,479.0,Combustão,5.0,Europa,40.49,38.79,32.55,2.64,137239.49,-13739.49,108142.42,15357.58,14.2,Preço Compatível com Mercado,https://images.unsplash.com/photo-1544829099-b9a0c07fad1a?w=600&auto=format&fit=crop&q=80
W Motors,Lykan Hypersport,2015,3.7,780,708,2.8,"3,400,000",3400000.0,2.8,780.0,708.0,Combustão,3.7,Oriente Médio,2.29,2.08,49.05,0.14,586784.64,2813215.36,269159.59,3130840.41,1163.2,Prêmio de Exclusividade / Grife,https://images.unsplash.com/photo-1544829099-b9a0c07fad1a?w=600&auto=format&fit=crop&q=80
Porsche,718 Cayman,2021,2,300,280,4.5,"61,500",61500.0,4.5,300.0,280.0,Combustão,2.0,Europa,48.78,45.53,20.23,3.29,-175235.23,236735.23,59322.15,2177.85,3.7,Preço Compatível com Mercado,https://images.unsplash.com/photo-1544829099-b9a0c07fad1a?w=600&auto=format&fit=crop&q=80
Lamborghini,Aventador SVJ,2021,6.5,770,531,2.8,"518,000",518000.0,2.8,770.0,531.0,Combustão,6.5,Europa,14.86,10.25,45.77,0.88,617085.2,-99085.2,328607.96,189392.04,57.6,Prêmio de Exclusividade / Grife,https://upload.wikimedia.org/wikipedia/commons/thumb/a/af/Lamborghini_Aventador_SVJ_1X7A0135.jpg/600px-Lamborghini_Aventador_SVJ_1X7A0135.jpg
Ferrari,SF90 Stradale,2022,4,986,590,2.5,"507,000",507000.0,2.5,986.0,590.0,Combustão,4.0,Europa,19.45,11.64,53.45,1.05,1076519.91,-569519.91,667335.06,-160335.06,-24.0,Bom Custo-Benefício,https://upload.wikimedia.org/wikipedia/commons/thumb/b/b5/Ferrari_SF90_Stradale_1X7A0186.jpg/600px-Ferrari_SF90_Stradale_1X7A0186.jpg
Audi,RS 6,2021,4,591,590,3.5,"109,000",109000.0,3.5,591.0,590.0,Combustão,4.0,Europa,54.22,54.13,38.38,3.52,276092.91,-167092.91,137559.82,-28559.82,-20.8,Bom Custo-Benefício,https://images.unsplash.com/photo-1544829099-b9a0c07fad1a?w=600&auto=format&fit=crop&q=80
Mercedes-Benz,SLS AMG,2015,6.2,622,468,3.6,"228,000",228000.0,3.6,622.0,468.0,Combustão,6.2,Europa,27.28,20.53,36.31,1.59,405477.66,-177477.66,172640.99,55359.01,32.1,Preço Compatível com Mercado,https://images.unsplash.com/photo-1544829099-b9a0c07fad1a?w=600&auto=format&fit=crop&q=80
Chevrolet,Camaro SS,2021,6.2,455,455,4,"42,000",42000.0,4.0,455.0,455.0,Combustão,6.2,Estados Unidos,108.33,108.33,29.86,7.11,67396.0,-25396.0,90716.74,-48716.74,-53.7,Custo-Benefício Excepcional,https://thumb.wikimedia.org/wikipedia/commons/thumb/5/5e/2019_Chevrolet_Camaro_2SS_6.2L_front_3.16.19.jpg/600px-2019_Chevrolet_Camaro_2SS_6.2L_front_3.16.19.jpg?utm_source=en.wikipedia.org&utm_campaign=api&utm_content=thumbnail
Nissan,370Z Nismo,2021,3.7,350,276,5,"45,000",45000.0,5.0,350.0,276.0,Combustão,3.7,Ásia,77.78,61.33,18.07,4.02,28740.73,16259.27,59751.14,-14751.14,-24.7,Bom Custo-Benefício,https://upload.wikimedia.org/wikipedia/commons/thumb/8/87/Nissan_370Z_Heritage_Edition_Front.jpg/600px-Nissan_370Z_Heritage_Edition_Front.jpg
Porsche,Taycan,2021,Electric,750,774,2.6,"185,000",185000.0,2.6,750.0,774.0,Elétrico,0.0,Europa,40.54,41.84,50.81,2.75,460944.03,-275944.03,238935.43,-53935.43,-22.6,Bom Custo-Benefício,https://images.unsplash.com/photo-1544829099-b9a0c07fad1a?w=600&auto=format&fit=crop&q=80
Ferrari,F8 Tributo,2021,3.9,710,568,2.9,"276,550",276550.0,2.9,710.0,568.0,Combustão,3.9,Europa,25.67,20.54,44.45,1.61,475674.25,-199124.25,250378.6,26171.4,10.5,Preço Compatível com Mercado,https://upload.wikimedia.org/wikipedia/commons/thumb/e/e5/Ferrari_F8_Tributo_Genf_2019_1Y7A5665.jpg/600px-Ferrari_F8_Tributo_Genf_2019_1Y7A5665.jpg
Audi,RS 3,2022,2.5,401,354,3.5,"56,000",56000.0,3.5,401.0,354.0,Combustão,2.5,Europa,71.61,63.21,30.12,5.38,-113897.86,169897.86,102012.96,-46012.96,-45.1,Custo-Benefício Excepcional,https://images.unsplash.com/photo-1544829099-b9a0c07fad1a?w=600&auto=format&fit=crop&q=80
McLaren,570S,2021,3.8,562,443,3.1,"191,000",191000.0,3.1,562.0,443.0,Combustão,3.8,Europa,29.42,23.19,37.75,1.98,186095.89,4904.11,172424.93,18575.07,10.8,Preço Compatível com Mercado,https://upload.wikimedia.org/wikipedia/commons/thumb/2/2f/2016_McLaren_570S_Coupe_Front.jpg/600px-2016_McLaren_570S_Coupe_Front.jpg
BMW,M5,2022,4.4,600,553,3.2,"104,000",104000.0,3.2,600.0,553.0,Combustão,4.4,Europa,57.69,53.17,39.86,3.83,260886.07,-156886.07,163369.17,-59369.17,-36.3,Custo-Benefício Excepcional,https://upload.wikimedia.org/wikipedia/commons/thumb/5/52/2018_BMW_M5_Front.jpg/600px-2018_BMW_M5_Front.jpg
Mercedes-Benz,AMG C 63,2021,4,469,479,3.9,"69,900",69900.0,3.9,469.0,479.0,Combustão,4.0,Europa,67.1,68.53,31.23,4.47,77904.31,-8004.31,94889.37,-24989.37,-26.3,Bom Custo-Benefício,https://images.unsplash.com/photo-1544829099-b9a0c07fad1a?w=600&auto=format&fit=crop&q=80
Porsche,Taycan,2022,2,402,254,5.1,"81,250",81250.0,5.1,402.0,254.0,Combustão,2.0,Europa,49.48,31.26,18.2,2.24,178402.55,-97152.55,70364.77,10885.23,15.5,Preço Compatível com Mercado,https://images.unsplash.com/photo-1544829099-b9a0c07fad1a?w=600&auto=format&fit=crop&q=80
Lamborghini,Aventador,2021,6.5,730,509,2.9,"517,700",517700.0,2.9,730.0,509.0,Combustão,6.5,Europa,14.1,9.83,43.87,0.85,542618.6,-24918.6,288334.84,229365.16,79.5,Prêmio de Exclusividade / Grife,https://upload.wikimedia.org/wikipedia/commons/thumb/c/ca/Lamborghini_Aventador_LP_700-4_-_Front_view_orange.jpg/600px-Lamborghini_Aventador_LP_700-4_-_Front_view_orange.jpg
Aston Martin,DBS Superleggera,2022,5.2,715,663,3.4,"330,000",330000.0,3.4,715.0,663.0,Combustão,5.2,Europa,21.67,20.09,43.01,1.3,539448.33,-209448.33,191856.25,138143.75,72.0,Prêmio de Exclusividade / Grife,https://images.unsplash.com/photo-1544829099-b9a0c07fad1a?w=600&auto=format&fit=crop&q=80
Audi,RS 6 Avant,2021,4,591,590,3.5,"109,000",109000.0,3.5,591.0,590.0,Combustão,4.0,Europa,54.22,54.13,38.38,3.52,276092.91,-167092.91,137559.82,-28559.82,-20.8,Bom Custo-Benefício,https://images.unsplash.com/photo-1544829099-b9a0c07fad1a?w=600&auto=format&fit=crop&q=80
McLaren,600LT,2021,3.8,592,457,2.8,"242,500",242500.0,2.8,592.0,457.0,Combustão,3.8,Europa,24.41,18.85,40.57,1.67,206298.63,36201.37,204867.72,37632.28,18.4,Preço Compatível com Mercado,https://thumb.wikimedia.org/wikipedia/commons/thumb/8/87/2017_McLaren_570S%2C_blue%2C_front_left.jpg/600px-2017_McLaren_570S%2C_blue%2C_front_left.jpg?utm_source=en.wikipedia.org&utm_campaign=api&utm_content=thumbnail
Mercedes-AMG,C 63 S Coupe,2022,4,503,516,3.7,"77,000",77000.0,3.7,503.0,516.0,Combustão,4.0,Europa,65.32,67.01,33.89,4.4,116935.09,-39935.09,107364.66,-30364.66,-28.3,Bom Custo-Benefício,https://images.unsplash.com/photo-1544829099-b9a0c07fad1a?w=600&auto=format&fit=crop&q=80
Chevrolet,Camaro ZL1,2021,6.2,650,650,3.5,"62,000",62000.0,3.5,650.0,650.0,Combustão,6.2,Estados Unidos,104.84,104.84,40.72,6.57,401297.83,-339297.83,153587.65,-91587.65,-59.6,Custo-Benefício Excepcional,https://images.unsplash.com/photo-1544829099-b9a0c07fad1a?w=600&auto=format&fit=crop&q=80
Dodge,Challenger SRT Hellcat Redeye,2022,6.2,797,707,3.5,"76,000",76000.0,3.5,797.0,707.0,Combustão,6.2,Estados Unidos,104.87,93.03,44.94,5.91,741812.92,-665812.92,228117.87,-152117.87,-66.7,Custo-Benefício Excepcional,https://images.unsplash.com/photo-1544829099-b9a0c07fad1a?w=600&auto=format&fit=crop&q=80
Ford,GT,2022,3.5,660,550,2.9,"500,000",500000.0,2.9,660.0,550.0,Combustão,3.5,Estados Unidos,13.2,11.0,43.04,0.86,359424.22,140575.78,218460.23,281539.77,128.9,Prêmio de Exclusividade / Grife,https://upload.wikimedia.org/wikipedia/commons/thumb/f/f0/2017_Ford_GT_Front.jpg/600px-2017_Ford_GT_Front.jpg
Nissan,370Z,2021,3.7,332,270,4.9,"30,090",30090.0,4.9,332.0,270.0,Combustão,3.7,Ásia,110.34,89.73,18.21,6.05,-29443.86,59533.86,58677.47,-28587.47,-48.7,Custo-Benefício Excepcional,https://upload.wikimedia.org/wikipedia/commons/thumb/8/87/Nissan_370Z_Heritage_Edition_Front.jpg/600px-Nissan_370Z_Heritage_Edition_Front.jpg
Porsche,Panamera,2022,2.9,325,332,5.3,"87,200",87200.0,5.3,325.0,332.0,Combustão,2.9,Europa,37.27,38.07,16.58,1.9,-898.99,88098.99,46628.23,40571.77,87.0,Prêmio de Exclusividade / Grife,https://thumb.wikimedia.org/wikipedia/commons/thumb/0/00/Porsche_972_Turbo_E-Hybrid_IMG_0445.jpg/600px-Porsche_972_Turbo_E-Hybrid_IMG_0445.jpg?utm_source=en.wikipedia.org&utm_campaign=api&utm_content=thumbnail
Bugatti,Chiron,2021,8,1500,1180,2.3,"3,000,000",3000000.0,2.3,1500.0,1180.0,Combustão,8.0,Europa,5.0,3.93,76.25,0.25,2114135.1,885864.9,1700372.84,1299627.16,76.4,Prêmio de Exclusividade / Grife,https://upload.wikimedia.org/wikipedia/commons/thumb/1/18/Bugatti_Chiron_1.jpg/600px-Bugatti_Chiron_1.jpg
Ferrari,F8 Tributo,2021,3.9,710,568,2.9,"274,280",274280.0,2.9,710.0,568.0,Combustão,3.9,Europa,25.89,20.71,44.45,1.62,475674.25,-201394.25,250378.6,23901.4,9.5,Preço Compatível com Mercado,https://upload.wikimedia.org/wikipedia/commons/thumb/e/e5/Ferrari_F8_Tributo_Genf_2019_1Y7A5665.jpg/600px-Ferrari_F8_Tributo_Genf_2019_1Y7A5665.jpg
Audi,RS 7,2021,4,591,590,3.5,"114,000",114000.0,3.5,591.0,590.0,Combustão,4.0,Europa,51.84,51.75,38.38,3.37,276092.91,-162092.91,137559.82,-23559.82,-17.1,Bom Custo-Benefício,https://images.unsplash.com/photo-1544829099-b9a0c07fad1a?w=600&auto=format&fit=crop&q=80
Jaguar,F-Type,2022,5,575,516,3.5,"103,200",103200.0,3.5,575.0,516.0,Combustão,5.0,Europa,55.72,50.0,36.75,3.56,259967.24,-156767.24,143982.15,-40782.15,-28.3,Bom Custo-Benefício,https://thumb.wikimedia.org/wikipedia/commons/thumb/d/d5/2017_Jaguar_F-Type_V6_R-Dynamic_Automatic_3.0_Front.jpg/600px-2017_Jaguar_F-Type_V6_R-Dynamic_Automatic_3.0_Front.jpg?utm_source=en.wikipedia.org&utm_campaign=api&utm_content=thumbnail
Porsche,Panamera Turbo S,2021,4,620,604,2.9,"177,700",177700.0,2.9,620.0,604.0,Combustão,4.0,Europa,34.89,33.99,43.09,2.42,245300.43,-67600.43,179115.29,-1415.29,-0.8,Bom Custo-Benefício,https://thumb.wikimedia.org/wikipedia/commons/thumb/0/00/Porsche_972_Turbo_E-Hybrid_IMG_0445.jpg/600px-Porsche_972_Turbo_E-Hybrid_IMG_0445.jpg?utm_source=en.wikipedia.org&utm_campaign=api&utm_content=thumbnail
Lamborghini,Aventador S,2021,6.5,729,509,2.9,"417,650",417650.0,2.9,729.0,509.0,Combustão,6.5,Europa,17.45,12.19,43.85,1.05,540182.42,-122532.42,287414.12,130235.88,45.3,Preço Compatível com Mercado,https://upload.wikimedia.org/wikipedia/commons/thumb/c/ca/Lamborghini_Aventador_LP_700-4_-_Front_view_orange.jpg/600px-Lamborghini_Aventador_LP_700-4_-_Front_view_orange.jpg
Audi,RS7,2022,4,591,590,3.5,"115,045",115045.0,3.5,591.0,590.0,Combustão,4.0,Europa,51.37,51.28,38.38,3.34,276092.91,-161047.91,137559.82,-22514.82,-16.4,Bom Custo-Benefício,https://upload.wikimedia.org/wikipedia/commons/thumb/8/88/Audi_RS_7_Sportback_IAA_2019_1X7A0265.jpg/600px-Audi_RS_7_Sportback_IAA_2019_1X7A0265.jpg
McLaren,600LT,2021,3.8,592,457,2.9,"256,500",256500.0,2.9,592.0,457.0,Combustão,3.8,Europa,23.08,17.82,39.93,1.56,222484.98,34015.02,198497.34,58002.66,29.2,Preço Compatível com Mercado,https://thumb.wikimedia.org/wikipedia/commons/thumb/8/87/2017_McLaren_570S%2C_blue%2C_front_left.jpg/600px-2017_McLaren_570S%2C_blue%2C_front_left.jpg?utm_source=en.wikipedia.org&utm_campaign=api&utm_content=thumbnail
BMW,M2 Competition,2022,3,405,406,4,"59,895",59895.0,4.0,405.0,406.0,Combustão,3.0,Europa,67.62,67.79,27.92,4.66,-39280.4,99175.4,82427.96,-22532.96,-27.3,Bom Custo-Benefício,https://thumb.wikimedia.org/wikipedia/commons/thumb/b/b8/BMW_G87_M2_1X7A1838.jpg/600px-BMW_G87_M2_1X7A1838.jpg?utm_source=en.wikipedia.org&utm_campaign=api&utm_content=thumbnail
Mercedes-Benz,S63 AMG,2021,4,603,664,3.4,"152,500",152500.0,3.4,603.0,664.0,Combustão,4.0,Europa,39.54,43.54,40.57,2.66,266287.52,-113787.52,133917.51,18582.49,13.9,Preço Compatível com Mercado,https://images.unsplash.com/photo-1544829099-b9a0c07fad1a?w=600&auto=format&fit=crop&q=80
Dodge,Challenger SRT Hellcat,2022,6.2,717,656,3.5,"69,995",69995.0,3.5,717.0,656.0,Combustão,6.2,Estados Unidos,102.44,93.72,42.3,6.04,562668.82,-492673.82,188804.36,-118809.36,-62.9,Custo-Benefício Excepcional,https://upload.wikimedia.org/wikipedia/commons/thumb/2/2c/2015_Dodge_Challenger_SRT_Hellcat_Front.jpg/600px-2015_Dodge_Challenger_SRT_Hellcat_Front.jpg
Porsche,Taycan Turbo S,2021,,750,774,2.6,"185,000",185000.0,2.6,750.0,774.0,Elétrico,0.0,Europa,40.54,41.84,50.81,2.75,460944.03,-275944.03,238935.43,-53935.43,-22.6,Bom Custo-Benefício,https://images.unsplash.com/photo-1544829099-b9a0c07fad1a?w=600&auto=format&fit=crop&q=80
Lamborghini,Urus,2021,4,641,627,3.2,"218,009",218009.0,3.2,641.0,627.0,Combustão,4.0,Europa,29.4,28.76,42.04,1.93,337916.2,-119907.2,169074.69,48934.31,28.9,Preço Compatível com Mercado,https://upload.wikimedia.org/wikipedia/commons/thumb/1/19/2018_Lamborghini_Urus_4.0_Front.jpg/600px-2018_Lamborghini_Urus_4.0_Front.jpg
Ferrari,812 Superfast,2021,6.5,789,530,2.9,"363,730",363730.0,2.9,789.0,530.0,Combustão,6.5,Europa,21.69,14.57,45.53,1.25,679867.76,-316137.76,338780.78,24949.22,7.4,Preço Compatível com Mercado,https://images.unsplash.com/photo-1544829099-b9a0c07fad1a?w=600&auto=format&fit=crop&q=80
Audi,R8 Spyder,2022,5.2,562,406,3.5,"183,300",183300.0,3.5,562.0,406.0,Combustão,5.2,Europa,30.66,22.15,34.56,1.89,262267.87,-78967.87,159494.35,23805.65,14.9,Preço Compatível com Mercado,https://upload.wikimedia.org/wikipedia/commons/thumb/2/2a/2019_Audi_R8_Coupe_V10_Performance_Quattro_Front.jpg/600px-2019_Audi_R8_Coupe_V10_Performance_Quattro_Front.jpg
BMW,M4,2022,3,473,406,4.1,"73,795",73795.0,4.1,473.0,406.0,Combustão,3.0,Europa,64.1,55.02,28.77,3.9,142566.07,-68771.07,99267.98,-25472.98,-25.7,Bom Custo-Benefício,https://upload.wikimedia.org/wikipedia/commons/thumb/d/d7/2021_BMW_M4_Competition_Front.jpg/600px-2021_BMW_M4_Competition_Front.jpg
Mercedes-Benz,AMG GT R,2021,4,577,516,3.5,"183,000",183000.0,3.5,577.0,516.0,Combustão,4.0,Europa,31.53,28.2,36.79,2.01,264839.6,-81839.6,144906.11,38093.89,26.3,Preço Compatível com Mercado,https://images.unsplash.com/photo-1544829099-b9a0c07fad1a?w=600&auto=format&fit=crop&q=80
Chevrolet,Corvette Stingray,2021,6.2,495,470,2.9,"60,995",60995.0,2.9,495.0,470.0,Combustão,6.2,Estados Unidos,81.15,77.06,38.02,6.23,-17839.07,78834.07,143098.11,-82103.11,-57.4,Custo-Benefício Excepcional,https://upload.wikimedia.org/wikipedia/commons/thumb/4/4b/Chevrolet_Corvette_C8_IAA_2021_1X7A0156.jpg/600px-Chevrolet_Corvette_C8_IAA_2021_1X7A0156.jpg
Aston Martin,DB11,2022,5.2,630,516,3.5,"207,000",207000.0,3.5,630.0,516.0,Combustão,5.2,Europa,30.43,24.93,37.96,1.83,393957.05,-186957.05,171674.13,35325.87,20.6,Preço Compatível com Mercado,https://upload.wikimedia.org/wikipedia/commons/thumb/4/47/2017_Aston_Martin_DB11_V12_Automatic_5.2_Front.jpg/600px-2017_Aston_Martin_DB11_V12_Automatic_5.2_Front.jpg
Bentley,Continental GT,2022,6,626,664,3.5,"203,825",203825.0,3.5,626.0,664.0,Combustão,6.0,Europa,30.71,32.58,40.44,1.98,338505.97,-134680.97,139658.06,64166.94,45.9,Preço Compatível com Mercado,https://images.unsplash.com/photo-1544829099-b9a0c07fad1a?w=600&auto=format&fit=crop&q=80
Jaguar,F-Type R,2021,5,575,516,3.5,"103,200",103200.0,3.5,575.0,516.0,Combustão,5.0,Europa,55.72,50.0,36.75,3.56,259967.24,-156767.24,143982.15,-40782.15,-28.3,Bom Custo-Benefício,https://thumb.wikimedia.org/wikipedia/commons/thumb/d/d5/2017_Jaguar_F-Type_V6_R-Dynamic_Automatic_3.0_Front.jpg/600px-2017_Jaguar_F-Type_V6_R-Dynamic_Automatic_3.0_Front.jpg?utm_source=en.wikipedia.org&utm_campaign=api&utm_content=thumbnail
Acura,NSX,2022,3.5,573,476,2.7,"157,500",157500.0,2.7,573.0,476.0,Combustão,3.5,Ásia,36.38,30.22,41.12,2.61,137957.19,19542.81,194091.53,-36591.53,-18.9,Bom Custo-Benefício,https://images.unsplash.com/photo-1544829099-b9a0c07fad1a?w=600&auto=format&fit=crop&q=80
Lotus,Evora GT,2021,3.5,416,317,3.7,"99,800",99800.0,3.7,416.0,317.0,Combustão,3.5,Europa,41.68,31.76,28.53,2.86,-33555.89,133355.89,105456.57,-5656.57,-5.4,Bom Custo-Benefício,https://thumb.wikimedia.org/wikipedia/commons/thumb/2/26/2017_Lotus_Evora_400%2C_sky_blue%2C_front_left.jpg/960px-2017_Lotus_Evora_400%2C_sky_blue%2C_front_left.jpg?utm_source=en.wikipedia.org&utm_campaign=api&utm_content=thumbnail
Porsche,Cayman GT4,2021,4,414,309,4.2,"100,200",100200.0,4.2,414.0,309.0,Combustão,4.0,Europa,41.32,30.84,25.16,2.51,44974.09,55225.91,90416.21,9783.79,10.8,Preço Compatível com Mercado,https://images.unsplash.com/photo-1544829099-b9a0c07fad1a?w=600&auto=format&fit=crop&q=80
Alfa Romeo,4C,2020,1.7,237,258,4.1,"67,150",67150.0,4.1,237.0,258.0,Combustão,1.7,Europa,35.29,38.42,21.02,3.13,-386665.66,453815.66,56634.72,10515.28,18.6,Preço Compatível com Mercado,https://thumb.wikimedia.org/wikipedia/commons/thumb/3/34/Festival_automobile_international_2014_-_Alfa_Romeo_4C_-_009.jpg/600px-Festival_automobile_international_2014_-_Alfa_Romeo_4C_-_009.jpg?utm_source=en.wikipedia.org&utm_campaign=api&utm_content=thumbnail
Audi,RS5,2022,2.9,444,443,3.7,"77,250",77250.0,3.7,444.0,443.0,Combustão,2.9,Europa,57.48,57.35,31.33,4.06,-4255.08,81505.08,97809.78,-20559.78,-21.0,Bom Custo-Benefício,https://thumb.wikimedia.org/wikipedia/commons/thumb/1/1d/Audi_A5_B10_DSC_7314.jpg/600px-Audi_A5_B10_DSC_7314.jpg?utm_source=en.wikipedia.org&utm_campaign=api&utm_content=thumbnail
BMW,M2 Competition,2021,3,405,406,4,"58,900",58900.0,4.0,405.0,406.0,Combustão,3.0,Europa,68.76,68.93,27.92,4.74,-39280.4,98180.4,82427.96,-23527.96,-28.5,Bom Custo-Benefício,https://thumb.wikimedia.org/wikipedia/commons/thumb/b/b8/BMW_G87_M2_1X7A1838.jpg/600px-BMW_G87_M2_1X7A1838.jpg?utm_source=en.wikipedia.org&utm_campaign=api&utm_content=thumbnail
Dodge,Charger SRT Hellcat,2022,6.2,717,650,3.6,"71,490",71490.0,3.6,717.0,650.0,Combustão,6.2,Estados Unidos,100.29,90.92,41.56,5.81,580708.13,-509218.13,184374.95,-112884.95,-61.2,Custo-Benefício Excepcional,https://thumb.wikimedia.org/wikipedia/commons/thumb/d/da/Dodge_Charger_SE.jpg/960px-Dodge_Charger_SE.jpg?utm_source=en.wikipedia.org&utm_campaign=api&utm_content=thumbnail
Maserati,GranTurismo,2020,4.7,454,384,4.8,"150,400",150400.0,4.8,454.0,384.0,Combustão,4.7,Europa,30.19,25.53,23.51,1.56,216377.3,-65977.3,77069.85,73330.15,95.1,Prêmio de Exclusividade / Grife,https://thumb.wikimedia.org/wikipedia/commons/thumb/0/00/Maserati_GranTurismo_Trofeo_1X7A0828.jpg/600px-Maserati_GranTurismo_Trofeo_1X7A0828.jpg?utm_source=en.wikipedia.org&utm_campaign=api&utm_content=thumbnail
Nissan,370Z Nismo,2021,3.7,350,276,4.6,"47,820",47820.0,4.6,350.0,276.0,Combustão,3.7,Ásia,73.19,57.72,20.62,4.31,-36004.65,83824.65,67798.74,-19978.74,-29.5,Bom Custo-Benefício,https://upload.wikimedia.org/wikipedia/commons/thumb/8/87/Nissan_370Z_Heritage_Edition_Front.jpg/600px-Nissan_370Z_Heritage_Edition_Front.jpg
Rolls-Royce,Wraith,2022,6.8,624,605,4.4,"330,000",330000.0,4.4,624.0,605.0,Combustão,6.8,Europa,18.91,18.33,33.63,1.02,497531.51,-167531.51,112807.42,217192.58,192.5,Prêmio de Exclusividade / Grife,https://images.unsplash.com/photo-1544829099-b9a0c07fad1a?w=600&auto=format&fit=crop&q=80
Subaru,WRX STI,2021,2.5,310,290,4.6,"38,170",38170.0,4.6,310.0,290.0,Combustão,2.5,Ásia,81.22,75.98,19.99,5.24,-137775.36,175945.36,58574.28,-20404.28,-34.8,Custo-Benefício Excepcional,https://thumb.wikimedia.org/wikipedia/commons/thumb/a/a6/Subaru_WRX_STI_-_Blue_%28cropped%29.jpg/600px-Subaru_WRX_STI_-_Blue_%28cropped%29.jpg?utm_source=en.wikipedia.org&utm_campaign=api&utm_content=thumbnail
Tesla,Model S Plaid,2022,,1020,1050,1.9,"131,190",131190.0,1.9,1020.0,1050.0,Elétrico,0.0,Estados Unidos,77.75,80.04,66.0,5.03,920171.57,-788981.57,492657.99,-361467.99,-73.4,Custo-Benefício Excepcional,https://upload.wikimedia.org/wikipedia/commons/thumb/1/14/2018_Tesla_Model_S_75D_Front.jpg/600px-2018_Tesla_Model_S_75D_Front.jpg
Porsche,Cayman GT4,2021,4,414,309,4.2,"102,000",102000.0,4.2,414.0,309.0,Combustão,4.0,Europa,40.59,30.29,25.16,2.47,44974.09,57025.91,90416.21,11583.79,12.8,Preço Compatível com Mercado,https://images.unsplash.com/photo-1544829099-b9a0c07fad1a?w=600&auto=format&fit=crop&q=80
Lamborghini,Aventador,2021,6.5,729,507,2.9,"393,695",393695.0,2.9,729.0,507.0,Combustão,6.5,Europa,18.52,12.88,43.81,1.11,540800.08,-147105.08,288167.07,105527.93,36.6,Preço Compatível com Mercado,https://upload.wikimedia.org/wikipedia/commons/thumb/c/ca/Lamborghini_Aventador_LP_700-4_-_Front_view_orange.jpg/600px-Lamborghini_Aventador_LP_700-4_-_Front_view_orange.jpg
Ferrari,Portofino,2022,3.9,591,413,3.3,"218,750",218750.0,3.3,591.0,413.0,Combustão,3.9,Europa,27.02,18.88,36.6,1.67,298382.56,-79632.56,184708.89,34041.11,18.4,Preço Compatível com Mercado,https://images.unsplash.com/photo-1544829099-b9a0c07fad1a?w=600&auto=format&fit=crop&q=80
Audi,RS7,2021,4,591,590,3.5,"114,000",114000.0,3.5,591.0,590.0,Combustão,4.0,Europa,51.84,51.75,38.38,3.37,276092.91,-162092.91,137559.82,-23559.82,-17.1,Bom Custo-Benefício,https://upload.wikimedia.org/wikipedia/commons/thumb/8/88/Audi_RS_7_Sportback_IAA_2019_1X7A0265.jpg/600px-Audi_RS_7_Sportback_IAA_2019_1X7A0265.jpg
McLaren,600LT,2021,3.8,592,457,2.8,"256,500",256500.0,2.8,592.0,457.0,Combustão,3.8,Europa,23.08,17.82,40.57,1.58,206298.63,50201.37,204867.72,51632.28,25.2,Preço Compatível com Mercado,https://thumb.wikimedia.org/wikipedia/commons/thumb/8/87/2017_McLaren_570S%2C_blue%2C_front_left.jpg/600px-2017_McLaren_570S%2C_blue%2C_front_left.jpg?utm_source=en.wikipedia.org&utm_campaign=api&utm_content=thumbnail
Chevrolet,Camaro SS,2021,6.2,455,455,4.1,"40,590",40590.0,4.1,455.0,455.0,Combustão,6.2,Estados Unidos,112.1,112.1,29.23,7.2,83582.35,-42992.35,87895.89,-47305.89,-53.8,Custo-Benefício Excepcional,https://thumb.wikimedia.org/wikipedia/commons/thumb/5/5e/2019_Chevrolet_Camaro_2SS_6.2L_front_3.16.19.jpg/600px-2019_Chevrolet_Camaro_2SS_6.2L_front_3.16.19.jpg?utm_source=en.wikipedia.org&utm_campaign=api&utm_content=thumbnail
Ford,Mustang Mach 1,2021,5,480,420,4,"52,720",52720.0,4.0,480.0,420.0,Combustão,5.0,Estados Unidos,91.05,79.67,29.81,5.65,139109.4,-86389.4,102872.05,-50152.05,-48.8,Custo-Benefício Excepcional,https://images.unsplash.com/photo-1544829099-b9a0c07fad1a?w=600&auto=format&fit=crop&q=80
Nissan,370Z Nismo,2021,3.7,350,276,4.6,"45,000",45000.0,4.6,350.0,276.0,Combustão,3.7,Ásia,77.78,61.33,20.62,4.58,-36004.65,81004.65,67798.74,-22798.74,-33.6,Custo-Benefício Excepcional,https://upload.wikimedia.org/wikipedia/commons/thumb/8/87/Nissan_370Z_Heritage_Edition_Front.jpg/600px-Nissan_370Z_Heritage_Edition_Front.jpg
Porsche,Panamera Turbo,2022,4,620,604,3.1,"174,300",174300.0,3.1,620.0,604.0,Combustão,4.0,Europa,35.57,34.65,41.82,2.4,277673.12,-103373.12,168149.25,6150.75,3.7,Preço Compatível com Mercado,https://thumb.wikimedia.org/wikipedia/commons/thumb/0/00/Porsche_972_Turbo_E-Hybrid_IMG_0445.jpg/960px-Porsche_972_Turbo_E-Hybrid_IMG_0445.jpg?utm_source=en.wikipedia.org&utm_campaign=api&utm_content=thumbnail
Lamborghini,Urus,2021,4,641,627,3.2,"222,004",222004.0,3.2,641.0,627.0,Combustão,4.0,Europa,28.87,28.24,42.04,1.89,337916.2,-115912.2,169074.69,52929.31,31.3,Preço Compatível com Mercado,https://upload.wikimedia.org/wikipedia/commons/thumb/1/19/2018_Lamborghini_Urus_4.0_Front.jpg/600px-2018_Lamborghini_Urus_4.0_Front.jpg
Ferrari,SF90 Stradale,2022,4,986,590,2.5,"625,000",625000.0,2.5,986.0,590.0,Combustão,4.0,Europa,15.78,9.44,53.45,0.86,1076519.91,-451519.91,667335.06,-42335.06,-6.3,Bom Custo-Benefício,https://upload.wikimedia.org/wikipedia/commons/thumb/b/b5/Ferrari_SF90_Stradale_1X7A0186.jpg/600px-Ferrari_SF90_Stradale_1X7A0186.jpg
Audi,TT RS,2022,2.5,394,354,3.4,"67,895",67895.0,3.4,394.0,354.0,Combustão,2.5,Europa,58.03,52.14,30.6,4.51,-147137.45,215032.45,102955.86,-35060.86,-34.1,Custo-Benefício Excepcional,https://images.unsplash.com/photo-1544829099-b9a0c07fad1a?w=600&auto=format&fit=crop&q=80
Dodge,Challenger SRT Hellcat,2021,6.2,717,656,3.5,"62,290",62290.0,3.5,717.0,656.0,Combustão,6.2,Estados Unidos,115.11,105.31,42.3,6.79,562668.82,-500378.82,188804.36,-126514.36,-67.0,Custo-Benefício Excepcional,https://upload.wikimedia.org/wikipedia/commons/thumb/2/2c/2015_Dodge_Challenger_SRT_Hellcat_Front.jpg/600px-2015_Dodge_Challenger_SRT_Hellcat_Front.jpg
Aston Martin,DBS Superleggera,2021,5.2,715,663,3.2,"304,995",304995.0,3.2,715.0,663.0,Combustão,5.2,Europa,23.44,21.74,44.29,1.45,507075.64,-202080.64,204368.37,100626.63,49.2,Preço Compatível com Mercado,https://images.unsplash.com/photo-1544829099-b9a0c07fad1a?w=600&auto=format&fit=crop&q=80
Lexus,LC 500,2022,5,471,398,4.4,"93,050",93050.0,4.4,471.0,398.0,Combustão,5.0,Ásia,50.62,42.77,26.68,2.87,188723.37,-95673.37,90660.8,2389.2,2.6,Preço Compatível com Mercado,https://thumb.wikimedia.org/wikipedia/commons/thumb/8/89/2023_Lexus_LC500_in_Atomic_Silver%2C_front_left.jpg/600px-2023_Lexus_LC500_in_Atomic_Silver%2C_front_left.jpg?utm_source=en.wikipedia.org&utm_campaign=api&utm_content=thumbnail
Porsche,Cayman GT4,2022,4,414,309,4.2,"101,200",101200.0,4.2,414.0,309.0,Combustão,4.0,Europa,40.91,30.53,25.16,2.49,44974.09,56225.91,90416.21,10783.79,11.9,Preço Compatível com Mercado,https://images.unsplash.com/photo-1544829099-b9a0c07fad1a?w=600&auto=format&fit=crop&q=80
Audi,RS 5 Coupe,2021,2.9,444,443,3.7,"75,100",75100.0,3.7,444.0,443.0,Combustão,2.9,Europa,59.12,58.99,31.33,4.17,-4255.08,79355.08,97809.78,-22709.78,-23.2,Bom Custo-Benefício,https://upload.wikimedia.org/wikipedia/commons/0/07/RS_S_AA.png?utm_source=en.wikipedia.org&utm_campaign=api&utm_content=thumbnail_unscaled
Chevrolet,Camaro ZL1,2021,6.2,650,650,3.5,"64,195",64195.0,3.5,650.0,650.0,Combustão,6.2,Estados Unidos,101.25,101.25,40.72,6.34,401297.83,-337102.83,153587.65,-89392.65,-58.2,Custo-Benefício Excepcional,https://images.unsplash.com/photo-1544829099-b9a0c07fad1a?w=600&auto=format&fit=crop&q=80
Lotus,Evora GT,2022,3.5,416,317,3.8,"105,000",105000.0,3.8,416.0,317.0,Combustão,3.5,Europa,39.62,30.19,27.89,2.66,-17369.55,122369.55,102177.39,2822.61,2.8,Preço Compatível com Mercado,https://thumb.wikimedia.org/wikipedia/commons/thumb/2/26/2017_Lotus_Evora_400%2C_sky_blue%2C_front_left.jpg/960px-2017_Lotus_Evora_400%2C_sky_blue%2C_front_left.jpg?utm_source=en.wikipedia.org&utm_campaign=api&utm_content=thumbnail
McLaren,GT,2021,4,612,465,3.1,"211,000",211000.0,3.1,612.0,465.0,Combustão,4.0,Europa,29.0,22.04,39.23,1.86,301110.62,-90110.62,196585.91,14414.09,7.3,Preço Compatível com Mercado,https://upload.wikimedia.org/wikipedia/commons/thumb/f/f6/McLaren_GT_IMG_3457.jpg/600px-McLaren_GT_IMG_3457.jpg
Mercedes-Benz,SLS AMG Black Series,2014,6.2,622,468,3.5,"275,000",275000.0,3.5,622.0,468.0,Combustão,6.2,Europa,22.62,17.02,36.95,1.34,389291.31,-114291.31,178181.56,96818.44,54.3,Prêmio de Exclusividade / Grife,https://thumb.wikimedia.org/wikipedia/commons/thumb/2/2e/Mercedes-Benz_SLS_AMG_%28C_197%29_%E2%80%93_Frontansicht_ge%C3%B6ffnet%2C_10._August_2011%2C_D%C3%BCsseldorf.jpg/960px-Mercedes-Benz_SLS_AMG_%28C_197%29_%E2%80%93_Frontansicht_ge%C3%B6ffnet%2C_10._August_2011%2C_D%C3%BCsseldorf.jpg?utm_source=en.wikipedia.org&utm_campaign=api&utm_content=thumbnail
Bugatti,Chiron,2021,8,1500,1180,2.4,"2,998,000",2998000.0,2.4,1500.0,1180.0,Combustão,8.0,Europa,5.0,3.94,75.61,0.25,2130321.44,867678.56,1647499.52,1350500.48,82.0,Prêmio de Exclusividade / Grife,https://upload.wikimedia.org/wikipedia/commons/thumb/1/18/Bugatti_Chiron_1.jpg/600px-Bugatti_Chiron_1.jpg
Koenigsegg,Jesko,2021,5,1280,1015,2.5,"3,000,000",3000000.0,2.5,1280.0,1015.0,Combustão,5.0,Europa,4.27,3.38,67.28,0.22,1661504.97,1338495.03,980082.23,2019917.77,206.1,Prêmio de Exclusividade / Grife,https://upload.wikimedia.org/wikipedia/commons/thumb/3/30/Koenigsegg_Jesko_Genf_2019_1Y7A5478.jpg/600px-Koenigsegg_Jesko_Genf_2019_1Y7A5478.jpg
Lamborghini,Aventador SVJ,2020,6.5,770,531,2.8,"573,966",573966.0,2.8,770.0,531.0,Combustão,6.5,Europa,13.42,9.25,45.77,0.8,617085.2,-43119.2,328607.96,245358.04,74.7,Prêmio de Exclusividade / Grife,https://upload.wikimedia.org/wikipedia/commons/thumb/a/af/Lamborghini_Aventador_SVJ_1X7A0135.jpg/600px-Lamborghini_Aventador_SVJ_1X7A0135.jpg
Rimac,C_Two,2022,Electric,1914,1732,1.85,"2,400,000",2400000.0,1.85,1914.0,1732.0,Elétrico,0.0,Europa,7.98,7.22,97.79,0.41,2879401.99,-479401.99,3578723.56,-1178723.56,-32.9,Custo-Benefício Excepcional,https://images.unsplash.com/photo-1544829099-b9a0c07fad1a?w=600&auto=format&fit=crop&q=80
Pagani,Huayra Roadster BC,2021,6,791,774,2.5,"3,500,000",3500000.0,2.5,791.0,774.0,Combustão,6.0,Europa,2.26,2.21,52.35,0.15,544640.99,2955359.01,281157.27,3218842.73,1144.9,Prêmio de Exclusividade / Grife,https://images.unsplash.com/photo-1544829099-b9a0c07fad1a?w=600&auto=format&fit=crop&q=80
Pininfarina,Battista,2022,Electric,1874,1696,1.9,"2,500,000",2500000.0,1.9,1874.0,1696.0,Elétrico,0.0,Europa,7.5,6.78,95.97,0.38,2801165.8,-301165.8,3249080.01,-749080.01,-23.1,Bom Custo-Benefício,https://images.unsplash.com/photo-1544829099-b9a0c07fad1a?w=600&auto=format&fit=crop&q=80
Acura,NSX,2022,3.5,573,476,2.9,"157,500",157500.0,2.9,573.0,476.0,Combustão,3.5,Ásia,36.38,30.22,39.84,2.53,170329.88,-12829.88,182208.59,-24708.59,-13.6,Bom Custo-Benefício,https://images.unsplash.com/photo-1544829099-b9a0c07fad1a?w=600&auto=format&fit=crop&q=80
Aston Martin,Vantage,2021,4,503,505,3.5,"146,000",146000.0,3.5,503.0,505.0,Combustão,4.0,Europa,34.45,34.59,34.98,2.4,87959.49,58040.51,116024.17,29975.83,25.8,Preço Compatível com Mercado,https://upload.wikimedia.org/wikipedia/commons/thumb/b/b3/2019_Aston_Martin_Vantage_V8_4.0_Front.jpg/600px-2019_Aston_Martin_Vantage_V8_4.0_Front.jpg
Bentley,Continental GT,2022,4,542,568,3.9,"219,800",219800.0,3.9,542.0,568.0,Combustão,4.0,Europa,24.66,25.84,34.37,1.56,228259.75,-8459.75,106672.6,113127.4,106.1,Prêmio de Exclusividade / Grife,https://images.unsplash.com/photo-1544829099-b9a0c07fad1a?w=600&auto=format&fit=crop&q=80
Dodge,Challenger SRT Hellcat,2022,6.2,717,656,3.5,"70,000",70000.0,3.5,717.0,656.0,Combustão,6.2,Estados Unidos,102.43,93.71,42.3,6.04,562668.82,-492668.82,188804.36,-118804.36,-62.9,Custo-Benefício Excepcional,https://upload.wikimedia.org/wikipedia/commons/thumb/2/2c/2015_Dodge_Challenger_SRT_Hellcat_Front.jpg/600px-2015_Dodge_Challenger_SRT_Hellcat_Front.jpg
Jaguar,F-Type,2022,2,296,295,5.4,"61,600",61600.0,5.4,296.0,295.0,Combustão,2.0,Europa,48.05,47.89,14.66,2.38,-43935.22,105535.22,43218.44,18381.56,42.5,Preço Compatível com Mercado,https://thumb.wikimedia.org/wikipedia/commons/thumb/d/d5/2017_Jaguar_F-Type_V6_R-Dynamic_Automatic_3.0_Front.jpg/600px-2017_Jaguar_F-Type_V6_R-Dynamic_Automatic_3.0_Front.jpg?utm_source=en.wikipedia.org&utm_campaign=api&utm_content=thumbnail
Kia,Stinger,2022,3.3,368,376,4.7,"52,200",52200.0,4.7,368.0,376.0,Combustão,3.3,Ásia,70.5,72.03,22.11,4.24,-6849.78,59049.78,61050.96,-8850.96,-14.5,Bom Custo-Benefício,https://images.unsplash.com/photo-1544829099-b9a0c07fad1a?w=600&auto=format&fit=crop&q=80
Lotus,Evora GT,2021,3.5,416,317,3.8,"100,450",100450.0,3.8,416.0,317.0,Combustão,3.5,Europa,41.41,31.56,27.89,2.78,-17369.55,117819.55,102177.39,-1727.39,-1.7,Bom Custo-Benefício,https://thumb.wikimedia.org/wikipedia/commons/thumb/2/26/2017_Lotus_Evora_400%2C_sky_blue%2C_front_left.jpg/960px-2017_Lotus_Evora_400%2C_sky_blue%2C_front_left.jpg?utm_source=en.wikipedia.org&utm_campaign=api&utm_content=thumbnail
Maserati,GranTurismo,2021,4.7,454,384,4.8,"134,300",134300.0,4.8,454.0,384.0,Combustão,4.7,Europa,33.8,28.59,23.51,1.75,216377.3,-82077.3,77069.85,57230.15,74.3,Prêmio de Exclusividade / Grife,https://thumb.wikimedia.org/wikipedia/commons/thumb/0/00/Maserati_GranTurismo_Trofeo_1X7A0828.jpg/600px-Maserati_GranTurismo_Trofeo_1X7A0828.jpg?utm_source=en.wikipedia.org&utm_campaign=api&utm_content=thumbnail
Porsche,718 Cayman GT4,2022,4,414,309,4.2,"102,550",102550.0,4.2,414.0,309.0,Combustão,4.0,Europa,40.37,30.13,25.16,2.45,44974.09,57575.91,90416.21,12133.79,13.4,Preço Compatível com Mercado,https://images.unsplash.com/photo-1544829099-b9a0c07fad1a?w=600&auto=format&fit=crop&q=80
Alfa Romeo,Giulia Quadrifoglio,2021,2.9,505,443,3.8,"76,400",76400.0,3.8,505.0,443.0,Combustão,2.9,Europa,66.1,57.98,32.03,4.19,160538.15,-84138.15,115184.43,-38784.43,-33.7,Custo-Benefício Excepcional,https://thumb.wikimedia.org/wikipedia/commons/thumb/2/29/Alfa_952_26.06.19_JM_%281%29_%28cropped%29.jpg/960px-Alfa_952_26.06.19_JM_%281%29_%28cropped%29.jpg?utm_source=en.wikipedia.org&utm_campaign=api&utm_content=thumbnail
Chevrolet,Camaro ZL1,2022,6.2,650,650,3.5,"69,000",69000.0,3.5,650.0,650.0,Combustão,6.2,Estados Unidos,94.2,94.2,40.72,5.9,401297.83,-332297.83,153587.65,-84587.65,-55.1,Custo-Benefício Excepcional,https://images.unsplash.com/photo-1544829099-b9a0c07fad1a?w=600&auto=format&fit=crop&q=80
Lamborghini,Aventador,2021,6.5,770,531,2.8,"417,826",417826.0,2.8,770.0,531.0,Combustão,6.5,Europa,18.43,12.71,45.77,1.1,617085.2,-199259.2,328607.96,89218.04,27.2,Preço Compatível com Mercado,https://upload.wikimedia.org/wikipedia/commons/thumb/c/ca/Lamborghini_Aventador_LP_700-4_-_Front_view_orange.jpg/600px-Lamborghini_Aventador_LP_700-4_-_Front_view_orange.jpg
Mercedes-Benz,SLS AMG,2021,4,577,516,3.6,"247,500",247500.0,3.6,577.0,516.0,Combustão,4.0,Europa,23.31,20.85,36.16,1.46,281025.94,-33525.94,140400.23,107099.77,76.3,Prêmio de Exclusividade / Grife,https://images.unsplash.com/photo-1544829099-b9a0c07fad1a?w=600&auto=format&fit=crop&q=80
Nissan,370Z Nismo,2021,3.7,350,276,4.8,"45,790",45790.0,4.8,350.0,276.0,Combustão,3.7,Ásia,76.44,60.28,19.35,4.23,-3631.96,49421.96,63647.88,-17857.88,-28.1,Bom Custo-Benefício,https://upload.wikimedia.org/wikipedia/commons/thumb/8/87/Nissan_370Z_Heritage_Edition_Front.jpg/600px-Nissan_370Z_Heritage_Edition_Front.jpg
Porsche,Taycan,2022,Electric,616,774,2.6,"79,900",79900.0,2.6,616.0,774.0,Elétrico,0.0,Europa,77.1,96.87,47.87,5.99,134496.12,-54596.12,155650.88,-75750.88,-48.7,Custo-Benefício Excepcional,https://images.unsplash.com/photo-1544829099-b9a0c07fad1a?w=600&auto=format&fit=crop&q=80
Tesla,Model S,2022,Electric,1020,1050,1.98,"119,000",119000.0,1.98,1020.0,1050.0,Elétrico,0.0,Estados Unidos,85.71,88.24,65.49,5.5,933120.65,-814120.65,480363.98,-361363.98,-75.2,Custo-Benefício Excepcional,https://images.unsplash.com/photo-1544829099-b9a0c07fad1a?w=600&auto=format&fit=crop&q=80
Aston Martin,DBS Superleggera,2022,5.2,715,664,3.2,"307,820",307820.0,3.2,715.0,664.0,Combustão,5.2,Europa,23.23,21.57,44.31,1.44,506766.81,-198946.81,204101.19,103718.81,50.8,Prêmio de Exclusividade / Grife,https://images.unsplash.com/photo-1544829099-b9a0c07fad1a?w=600&auto=format&fit=crop&q=80
Bentley,Continental GT,2022,4,542,568,3.4,"207,825",207825.0,3.4,542.0,568.0,Combustão,4.0,Europa,26.08,27.33,37.56,1.81,147328.01,60496.99,124924.38,82900.62,66.4,Prêmio de Exclusividade / Grife,https://images.unsplash.com/photo-1544829099-b9a0c07fad1a?w=600&auto=format&fit=crop&q=80
Bugatti,Chiron,2021,8,1479,1180,2.3,"2,998,000",2998000.0,2.3,1479.0,1180.0,Combustão,8.0,Europa,4.93,3.94,75.79,0.25,2062975.35,935024.65,1589917.9,1408082.1,88.6,Prêmio de Exclusividade / Grife,https://upload.wikimedia.org/wikipedia/commons/thumb/1/18/Bugatti_Chiron_1.jpg/600px-Bugatti_Chiron_1.jpg
McLaren,570S,2021,3.8,562,443,3.1,"202,500",202500.0,3.1,562.0,443.0,Combustão,3.8,Europa,27.75,21.88,37.75,1.86,186095.89,16404.11,172424.93,30075.07,17.4,Preço Compatível com Mercado,https://upload.wikimedia.org/wikipedia/commons/thumb/2/2f/2016_McLaren_570S_Coupe_Front.jpg/600px-2016_McLaren_570S_Coupe_Front.jpg
Porsche,Taycan Turbo S,2021,Electric,750,774,2.6,"185,000",185000.0,2.6,750.0,774.0,Elétrico,0.0,Europa,40.54,41.84,50.81,2.75,460944.03,-275944.03,238935.43,-53935.43,-22.6,Bom Custo-Benefício,https://images.unsplash.com/photo-1544829099-b9a0c07fad1a?w=600&auto=format&fit=crop&q=80
Lamborghini,Aventador S,2021,6.5,730,509,2.9,"417,826",417826.0,2.9,730.0,509.0,Combustão,6.5,Europa,17.47,12.18,43.87,1.05,542618.6,-124792.6,288334.84,129491.16,44.9,Preço Compatível com Mercado,https://upload.wikimedia.org/wikipedia/commons/thumb/c/ca/Lamborghini_Aventador_LP_700-4_-_Front_view_orange.jpg/600px-Lamborghini_Aventador_LP_700-4_-_Front_view_orange.jpg
Ferrari,F8 Tributo,2022,3.9,710,568,2.8,"276,550",276550.0,2.8,710.0,568.0,Combustão,3.9,Europa,25.67,20.54,45.09,1.63,459487.91,-182937.91,258414.02,18135.98,7.0,Preço Compatível com Mercado,https://upload.wikimedia.org/wikipedia/commons/thumb/e/e5/Ferrari_F8_Tributo_Genf_2019_1Y7A5665.jpg/600px-Ferrari_F8_Tributo_Genf_2019_1Y7A5665.jpg
Audi,RS 7,2022,4,591,590,3.5,"114,000",114000.0,3.5,591.0,590.0,Combustão,4.0,Europa,51.84,51.75,38.38,3.37,276092.91,-162092.91,137559.82,-23559.82,-17.1,Bom Custo-Benefício,https://images.unsplash.com/photo-1544829099-b9a0c07fad1a?w=600&auto=format&fit=crop&q=80
BMW,M2 CS,2022,3,444,406,4,"84,595",84595.0,4.0,444.0,406.0,Combustão,3.0,Europa,52.49,47.99,28.77,3.4,55730.55,28864.45,93378.39,-8783.39,-9.4,Bom Custo-Benefício,https://thumb.wikimedia.org/wikipedia/commons/thumb/b/b8/BMW_G87_M2_1X7A1838.jpg/600px-BMW_G87_M2_1X7A1838.jpg?utm_source=en.wikipedia.org&utm_campaign=api&utm_content=thumbnail
Mercedes-Benz,SLS AMG,2021,6.2,622,468,3.2,"275,000",275000.0,3.2,622.0,468.0,Combustão,6.2,Europa,22.62,17.02,38.87,1.41,340732.27,-65732.27,195893.2,79106.8,40.4,Preço Compatível com Mercado,https://images.unsplash.com/photo-1544829099-b9a0c07fad1a?w=600&auto=format&fit=crop&q=80
Chevrolet,Camaro ZL1,2021,6.2,650,650,3.5,"63,000",63000.0,3.5,650.0,650.0,Combustão,6.2,Estados Unidos,103.17,103.17,40.72,6.46,401297.83,-338297.83,153587.65,-90587.65,-59.0,Custo-Benefício Excepcional,https://images.unsplash.com/photo-1544829099-b9a0c07fad1a?w=600&auto=format&fit=crop&q=80
Jaguar,F-Type,2021,5,575,516,3.5,"103,200",103200.0,3.5,575.0,516.0,Combustão,5.0,Europa,55.72,50.0,36.75,3.56,259967.24,-156767.24,143982.15,-40782.15,-28.3,Bom Custo-Benefício,https://thumb.wikimedia.org/wikipedia/commons/thumb/d/d5/2017_Jaguar_F-Type_V6_R-Dynamic_Automatic_3.0_Front.jpg/600px-2017_Jaguar_F-Type_V6_R-Dynamic_Automatic_3.0_Front.jpg?utm_source=en.wikipedia.org&utm_campaign=api&utm_content=thumbnail
Lotus,Evora GT,2021,3.5,416,317,3.8,"96,950",96950.0,3.8,416.0,317.0,Combustão,3.5,Europa,42.91,32.7,27.89,2.88,-17369.55,114319.55,102177.39,-5227.39,-5.1,Bom Custo-Benefício,https://thumb.wikimedia.org/wikipedia/commons/thumb/2/26/2017_Lotus_Evora_400%2C_sky_blue%2C_front_left.jpg/960px-2017_Lotus_Evora_400%2C_sky_blue%2C_front_left.jpg?utm_source=en.wikipedia.org&utm_campaign=api&utm_content=thumbnail
Maserati,GranTurismo,2022,4.7,454,384,4.8,"134,300",134300.0,4.8,454.0,384.0,Combustão,4.7,Europa,33.8,28.59,23.51,1.75,216377.3,-82077.3,77069.85,57230.15,74.3,Prêmio de Exclusividade / Grife,https://thumb.wikimedia.org/wikipedia/commons/thumb/0/00/Maserati_GranTurismo_Trofeo_1X7A0828.jpg/600px-Maserati_GranTurismo_Trofeo_1X7A0828.jpg?utm_source=en.wikipedia.org&utm_campaign=api&utm_content=thumbnail
McLaren,765LT,2021,4,755,590,2.8,"358,000",358000.0,2.8,755.0,590.0,Combustão,4.0,Europa,21.09,16.48,46.46,1.3,562321.74,-204321.74,289950.1,68049.9,23.5,Preço Compatível com Mercado,https://images.unsplash.com/photo-1544829099-b9a0c07fad1a?w=600&auto=format&fit=crop&q=80
Nissan,370Z,2021,3.7,332,270,5,"30,000",30000.0,5.0,332.0,270.0,Combustão,3.7,Ásia,110.67,90.0,17.57,5.86,-13257.52,43257.52,56852.89,-26852.89,-47.2,Custo-Benefício Excepcional,https://upload.wikimedia.org/wikipedia/commons/thumb/8/87/Nissan_370Z_Heritage_Edition_Front.jpg/600px-Nissan_370Z_Heritage_Edition_Front.jpg
Pagani,Huayra,2021,6,730,738,3,"2,600,000",2600000.0,3.0,730.0,738.0,Combustão,6.0,Europa,2.81,2.84,47.2,0.18,488083.61,2111916.39,207050.95,2392949.05,1155.7,Prêmio de Exclusividade / Grife,https://images.unsplash.com/photo-1544829099-b9a0c07fad1a?w=600&auto=format&fit=crop&q=80
Porsche,Panamera Turbo S,2021,4,620,604,2.9,"180,000",180000.0,2.9,620.0,604.0,Combustão,4.0,Europa,34.44,33.56,43.09,2.39,245300.43,-65300.43,179115.29,884.71,0.5,Preço Compatível com Mercado,https://thumb.wikimedia.org/wikipedia/commons/thumb/0/00/Porsche_972_Turbo_E-Hybrid_IMG_0445.jpg/600px-Porsche_972_Turbo_E-Hybrid_IMG_0445.jpg?utm_source=en.wikipedia.org&utm_campaign=api&utm_content=thumbnail
Tesla,Model S Plaid,2021,Electric,1020,1050,1.9,"131,100",131100.0,1.9,1020.0,1050.0,Elétrico,0.0,Estados Unidos,77.8,80.09,66.0,5.03,920171.57,-789071.57,492657.99,-361557.99,-73.4,Custo-Benefício Excepcional,https://upload.wikimedia.org/wikipedia/commons/thumb/1/14/2018_Tesla_Model_S_75D_Front.jpg/600px-2018_Tesla_Model_S_75D_Front.jpg
Aston Martin,DB11,2021,4,503,513,4,"201,495",201495.0,4.0,503.0,513.0,Combustão,4.0,Europa,24.96,25.46,31.92,1.58,166420.61,35074.39,98041.31,103453.69,105.5,Prêmio de Exclusividade / Grife,https://upload.wikimedia.org/wikipedia/commons/thumb/4/47/2017_Aston_Martin_DB11_V12_Automatic_5.2_Front.jpg/600px-2017_Aston_Martin_DB11_V12_Automatic_5.2_Front.jpg
Dodge,Challenger Hellcat Redeye,2022,6.2,797,707,3.4,"82,190",82190.0,3.4,797.0,707.0,Combustão,6.2,Estados Unidos,96.97,86.02,45.58,5.55,725626.58,-643436.58,235438.87,-153248.87,-65.1,Custo-Benefício Excepcional,https://images.unsplash.com/photo-1544829099-b9a0c07fad1a?w=600&auto=format&fit=crop&q=80
Lotus,Evora,2021,3.5,416,317,3.8,"96,950",96950.0,3.8,416.0,317.0,Combustão,3.5,Europa,42.91,32.7,27.89,2.88,-17369.55,114319.55,102177.39,-5227.39,-5.1,Bom Custo-Benefício,https://images.unsplash.com/photo-1544829099-b9a0c07fad1a?w=600&auto=format&fit=crop&q=80
Acura,NSX,2021,3.5,573,476,2.7,"159,495",159495.0,2.7,573.0,476.0,Combustão,3.5,Ásia,35.93,29.84,41.12,2.58,137957.19,21537.81,194091.53,-34596.53,-17.8,Bom Custo-Benefício,https://images.unsplash.com/photo-1544829099-b9a0c07fad1a?w=600&auto=format&fit=crop&q=80
Alfa Romeo,Giulia Quadrifoglio,2021,2.9,505,443,3.8,"76,950",76950.0,3.8,505.0,443.0,Combustão,2.9,Europa,65.63,57.57,32.03,4.16,160538.15,-83588.15,115184.43,-38234.43,-33.2,Custo-Benefício Excepcional,https://thumb.wikimedia.org/wikipedia/commons/thumb/2/29/Alfa_952_26.06.19_JM_%281%29_%28cropped%29.jpg/960px-Alfa_952_26.06.19_JM_%281%29_%28cropped%29.jpg?utm_source=en.wikipedia.org&utm_campaign=api&utm_content=thumbnail
Bentley,Continental GT,2021,6,626,664,3.3,"202,500",202500.0,3.3,626.0,664.0,Combustão,6.0,Europa,30.91,32.79,41.71,2.06,306133.28,-103633.28,148766.01,53733.99,36.1,Preço Compatível com Mercado,https://images.unsplash.com/photo-1544829099-b9a0c07fad1a?w=600&auto=format&fit=crop&q=80
Jaguar,F-Type,2022,3,380,339,4.9,"70,100",70100.0,4.9,380.0,339.0,Combustão,3.0,Europa,54.21,48.36,20.46,2.92,66183.65,3916.35,62509.17,7590.83,12.1,Preço Compatível com Mercado,https://thumb.wikimedia.org/wikipedia/commons/thumb/d/d5/2017_Jaguar_F-Type_V6_R-Dynamic_Automatic_3.0_Front.jpg/600px-2017_Jaguar_F-Type_V6_R-Dynamic_Automatic_3.0_Front.jpg?utm_source=en.wikipedia.org&utm_campaign=api&utm_content=thumbnail
Koenigsegg,Jesko,2022,5,1280,1015,2.5,"3,000,000",3000000.0,2.5,1280.0,1015.0,Combustão,5.0,Europa,4.27,3.38,67.28,0.22,1661504.97,1338495.03,980082.23,2019917.77,206.1,Prêmio de Exclusividade / Grife,https://upload.wikimedia.org/wikipedia/commons/thumb/3/30/Koenigsegg_Jesko_Genf_2019_1Y7A5478.jpg/600px-Koenigsegg_Jesko_Genf_2019_1Y7A5478.jpg
Maserati,GranTurismo,2022,4.7,454,384,4.8,"132,795",132795.0,4.8,454.0,384.0,Combustão,4.7,Europa,34.19,28.92,23.51,1.77,216377.3,-83582.3,77069.85,55725.15,72.3,Prêmio de Exclusividade / Grife,https://thumb.wikimedia.org/wikipedia/commons/thumb/0/00/Maserati_GranTurismo_Trofeo_1X7A0828.jpg/600px-Maserati_GranTurismo_Trofeo_1X7A0828.jpg?utm_source=en.wikipedia.org&utm_campaign=api&utm_content=thumbnail
McLaren,GT,2022,4,612,465,3.1,"215,500",215500.0,3.1,612.0,465.0,Combustão,4.0,Europa,28.4,21.58,39.23,1.82,301110.62,-85610.62,196585.91,18914.09,9.6,Preço Compatível com Mercado,https://upload.wikimedia.org/wikipedia/commons/thumb/f/f6/McLaren_GT_IMG_3457.jpg/600px-McLaren_GT_IMG_3457.jpg
Mercedes-AMG,C 63 S Coupe,2022,4,503,516,3.7,"80,900",80900.0,3.7,503.0,516.0,Combustão,4.0,Europa,62.18,63.78,33.89,4.19,116935.09,-36035.09,107364.66,-26464.66,-24.6,Bom Custo-Benefício,https://images.unsplash.com/photo-1544829099-b9a0c07fad1a?w=600&auto=format&fit=crop&q=80
Porsche,718 Cayman,2021,2,300,280,4.9,"59,900",59900.0,4.9,300.0,280.0,Combustão,2.0,Europa,50.08,46.74,17.68,2.95,-110489.84,170389.84,52280.71,7619.29,14.6,Preço Compatível com Mercado,https://images.unsplash.com/photo-1544829099-b9a0c07fad1a?w=600&auto=format&fit=crop&q=80
Rolls-Royce,Wraith,2021,6.8,624,605,4.3,"330,000",330000.0,4.3,624.0,605.0,Combustão,6.8,Europa,18.91,18.33,34.26,1.04,481345.17,-151345.17,116427.76,213572.24,183.4,Prêmio de Exclusividade / Grife,https://images.unsplash.com/photo-1544829099-b9a0c07fad1a?w=600&auto=format&fit=crop&q=80
Tesla,Roadster,2022,-,1000+,-,1.9,"200,000",200000.0,1.9,1000.0,737.0,Elétrico,0.0,Estados Unidos,50.0,36.85,60.14,3.01,968110.79,-768110.79,695967.22,-495967.22,-71.3,Custo-Benefício Excepcional,https://upload.wikimedia.org/wikipedia/commons/thumb/8/8c/Tesla_Roadster_2020_front.jpg/600px-Tesla_Roadster_2020_front.jpg
Chevrolet,Camaro SS,2021,6.2,455,455,4,"40,000",40000.0,4.0,455.0,455.0,Combustão,6.2,Estados Unidos,113.75,113.75,29.86,7.46,67396.0,-27396.0,90716.74,-50716.74,-55.9,Custo-Benefício Excepcional,https://thumb.wikimedia.org/wikipedia/commons/thumb/5/5e/2019_Chevrolet_Camaro_2SS_6.2L_front_3.16.19.jpg/600px-2019_Chevrolet_Camaro_2SS_6.2L_front_3.16.19.jpg?utm_source=en.wikipedia.org&utm_campaign=api&utm_content=thumbnail
Aston Martin,DB11,2021,5.2,630,516,3.7,"209,000",209000.0,3.7,630.0,516.0,Combustão,5.2,Europa,30.14,24.69,36.68,1.76,426329.75,-217329.75,161163.66,47836.34,29.7,Preço Compatível com Mercado,https://upload.wikimedia.org/wikipedia/commons/thumb/4/47/2017_Aston_Martin_DB11_V12_Automatic_5.2_Front.jpg/600px-2017_Aston_Martin_DB11_V12_Automatic_5.2_Front.jpg
Bentley,Continental GT,2022,4,542,568,3.9,"202,500",202500.0,3.9,542.0,568.0,Combustão,4.0,Europa,26.77,28.05,34.37,1.7,228259.75,-25759.75,106672.6,95827.4,89.8,Prêmio de Exclusividade / Grife,https://images.unsplash.com/photo-1544829099-b9a0c07fad1a?w=600&auto=format&fit=crop&q=80
Dodge,Challenger Hellcat,2022,6.2,717,656,3.5,"67,500",67500.0,3.5,717.0,656.0,Combustão,6.2,Estados Unidos,106.22,97.19,42.3,6.27,562668.82,-495168.82,188804.36,-121304.36,-64.2,Custo-Benefício Excepcional,https://images.unsplash.com/photo-1544829099-b9a0c07fad1a?w=600&auto=format&fit=crop&q=80
Koenigsegg,Jesko,2022,5,1280,1106,2.5,"2,800,000",2800000.0,2.5,1280.0,1106.0,Combustão,5.0,Europa,4.57,3.95,68.86,0.25,1633401.73,1166598.27,870087.59,1929912.41,221.8,Prêmio de Exclusividade / Grife,https://upload.wikimedia.org/wikipedia/commons/thumb/3/30/Koenigsegg_Jesko_Genf_2019_1Y7A5478.jpg/600px-Koenigsegg_Jesko_Genf_2019_1Y7A5478.jpg
Lexus,LC,2021,5,471,398,4.4,"92,950",92950.0,4.4,471.0,398.0,Combustão,5.0,Ásia,50.67,42.82,26.68,2.87,188723.37,-95773.37,90660.8,2289.2,2.5,Preço Compatível com Mercado,https://images.unsplash.com/photo-1544829099-b9a0c07fad1a?w=600&auto=format&fit=crop&q=80
Lotus,Evora GT,2021,3.5,416,317,3.8,"104,200",104200.0,3.8,416.0,317.0,Combustão,3.5,Europa,39.92,30.42,27.89,2.68,-17369.55,121569.55,102177.39,2022.61,2.0,Preço Compatível com Mercado,https://thumb.wikimedia.org/wikipedia/commons/thumb/2/26/2017_Lotus_Evora_400%2C_sky_blue%2C_front_left.jpg/960px-2017_Lotus_Evora_400%2C_sky_blue%2C_front_left.jpg?utm_source=en.wikipedia.org&utm_campaign=api&utm_content=thumbnail
Maserati,GranTurismo,2021,4.7,454,384,4.7,"133,050",133050.0,4.7,454.0,384.0,Combustão,4.7,Europa,34.12,28.86,24.14,1.81,200190.95,-67140.95,79543.26,53506.74,67.3,Prêmio de Exclusividade / Grife,https://thumb.wikimedia.org/wikipedia/commons/thumb/0/00/Maserati_GranTurismo_Trofeo_1X7A0828.jpg/600px-Maserati_GranTurismo_Trofeo_1X7A0828.jpg?utm_source=en.wikipedia.org&utm_campaign=api&utm_content=thumbnail
McLaren,570S,2021,3.8,562,443,3.1,"196,350",196350.0,3.1,562.0,443.0,Combustão,3.8,Europa,28.62,22.56,37.75,1.92,186095.89,10254.11,172424.93,23925.07,13.9,Preço Compatível com Mercado,https://upload.wikimedia.org/wikipedia/commons/thumb/2/2f/2016_McLaren_570S_Coupe_Front.jpg/600px-2016_McLaren_570S_Coupe_Front.jpg
Mercedes-Benz,AMG C63,2022,4,503,516,3.8,"69,900",69900.0,3.8,503.0,516.0,Combustão,4.0,Europa,71.96,73.82,33.25,4.76,133121.44,-63221.44,104026.14,-34126.14,-32.8,Custo-Benefício Excepcional,https://thumb.wikimedia.org/wikipedia/commons/thumb/2/2e/Mercedes-Benz_SLS_AMG_%28C_197%29_%E2%80%93_Frontansicht_ge%C3%B6ffnet%2C_10._August_2011%2C_D%C3%BCsseldorf.jpg/960px-Mercedes-Benz_SLS_AMG_%28C_197%29_%E2%80%93_Frontansicht_ge%C3%B6ffnet%2C_10._August_2011%2C_D%C3%BCsseldorf.jpg?utm_source=en.wikipedia.org&utm_campaign=api&utm_content=thumbnail
Pagani,Huayra BC,2021,6,791,774,2.7,"2,600,000",2600000.0,2.7,791.0,774.0,Combustão,6.0,Europa,3.04,2.98,51.08,0.2,577013.69,2022986.31,263943.87,2336056.13,885.1,Prêmio de Exclusividade / Grife,https://images.unsplash.com/photo-1544829099-b9a0c07fad1a?w=600&auto=format&fit=crop&q=80
Rolls-Royce,Wraith,2021,6.7,624,605,4.4,"338,000",338000.0,4.4,624.0,605.0,Combustão,6.7,Europa,18.46,17.9,33.63,0.99,497531.51,-159531.51,112807.42,225192.58,199.6,Prêmio de Exclusividade / Grife,https://images.unsplash.com/photo-1544829099-b9a0c07fad1a?w=600&auto=format&fit=crop&q=80
Tesla,Roadster,2022,Electric,1000+,"10,000+",1.9,"200,000",200000.0,1.9,1000.0,737.0,Elétrico,0.0,Estados Unidos,50.0,36.85,60.14,3.01,968110.79,-768110.79,695967.22,-495967.22,-71.3,Custo-Benefício Excepcional,https://upload.wikimedia.org/wikipedia/commons/thumb/8/8c/Tesla_Roadster_2020_front.jpg/600px-Tesla_Roadster_2020_front.jpg
Aston Martin,Vantage,2021,4,503,505,3.5,"150,000",150000.0,3.5,503.0,505.0,Combustão,4.0,Europa,33.53,33.67,34.98,2.33,87959.49,62040.51,116024.17,33975.83,29.3,Preço Compatível com Mercado,https://upload.wikimedia.org/wikipedia/commons/thumb/b/b3/2019_Aston_Martin_Vantage_V8_4.0_Front.jpg/600px-2019_Aston_Martin_Vantage_V8_4.0_Front.jpg
Bentley,Continental GT,2021,6,626,664,3.6,"218,400",218400.0,3.6,626.0,664.0,Combustão,6.0,Europa,28.66,30.4,39.8,1.82,354692.32,-136292.32,135315.37,83084.63,61.4,Prêmio de Exclusividade / Grife,https://images.unsplash.com/photo-1544829099-b9a0c07fad1a?w=600&auto=format&fit=crop&q=80
Dodge,Challenger SRT Hellcat Redeye,2021,6.2,797,707,3.5,"73,000",73000.0,3.5,797.0,707.0,Combustão,6.2,Estados Unidos,109.18,96.85,44.94,6.16,741812.92,-668812.92,228117.87,-155117.87,-68.0,Custo-Benefício Excepcional,https://images.unsplash.com/photo-1544829099-b9a0c07fad1a?w=600&auto=format&fit=crop&q=80
Jaguar,F-Type R,2022,5,575,516,3.5,"103,200",103200.0,3.5,575.0,516.0,Combustão,5.0,Europa,55.72,50.0,36.75,3.56,259967.24,-156767.24,143982.15,-40782.15,-28.3,Bom Custo-Benefício,https://thumb.wikimedia.org/wikipedia/commons/thumb/d/d5/2017_Jaguar_F-Type_V6_R-Dynamic_Automatic_3.0_Front.jpg/600px-2017_Jaguar_F-Type_V6_R-Dynamic_Automatic_3.0_Front.jpg?utm_source=en.wikipedia.org&utm_campaign=api&utm_content=thumbnail
Lotus,Evora GT,2021,3.5,416,317,3.8,"104,970",104970.0,3.8,416.0,317.0,Combustão,3.5,Europa,39.63,30.2,27.89,2.66,-17369.55,122339.55,102177.39,2792.61,2.7,Preço Compatível com Mercado,https://thumb.wikimedia.org/wikipedia/commons/thumb/2/26/2017_Lotus_Evora_400%2C_sky_blue%2C_front_left.jpg/960px-2017_Lotus_Evora_400%2C_sky_blue%2C_front_left.jpg?utm_source=en.wikipedia.org&utm_campaign=api&utm_content=thumbnail
Maserati,GranTurismo,2021,4.7,454,384,4.8,"132,400",132400.0,4.8,454.0,384.0,Combustão,4.7,Europa,34.29,29.0,23.51,1.78,216377.3,-83977.3,77069.85,55330.15,71.8,Prêmio de Exclusividade / Grife,https://thumb.wikimedia.org/wikipedia/commons/thumb/0/00/Maserati_GranTurismo_Trofeo_1X7A0828.jpg/600px-Maserati_GranTurismo_Trofeo_1X7A0828.jpg?utm_source=en.wikipedia.org&utm_campaign=api&utm_content=thumbnail
Porsche,Cayman GT4,2021,4,414,309,4.2,"101,200",101200.0,4.2,414.0,309.0,Combustão,4.0,Europa,40.91,30.53,25.16,2.49,44974.09,56225.91,90416.21,10783.79,11.9,Preço Compatível com Mercado,https://images.unsplash.com/photo-1544829099-b9a0c07fad1a?w=600&auto=format&fit=crop&q=80
Tesla,Roadster,2023,Electric,"1,000+",737,< 1.9,"200,000",200000.0,1.9,1000.0,737.0,Elétrico,0.0,Estados Unidos,50.0,36.85,60.14,3.01,968110.79,-768110.79,695967.22,-495967.22,-71.3,Custo-Benefício Excepcional,https://upload.wikimedia.org/wikipedia/commons/thumb/8/8c/Tesla_Roadster_2020_front.jpg/600px-Tesla_Roadster_2020_front.jpg
Alpine,A110,2021,1.8,288,236,4.4,"71,500",71500.0,4.4,288.0,236.0,Combustão,1.8,Europa,40.28,33.01,19.84,2.77,-207067.33,278567.33,62411.56,9088.44,14.6,Preço Compatível com Mercado,https://images.unsplash.com/photo-1544829099-b9a0c07fad1a?w=600&auto=format&fit=crop&q=80
BMW,M4,2021,3,473,406,4.1,"71,800",71800.0,4.1,473.0,406.0,Combustão,3.0,Europa,65.88,56.55,28.77,4.01,142566.07,-70766.07,99267.98,-27467.98,-27.7,Bom Custo-Benefício,https://upload.wikimedia.org/wikipedia/commons/thumb/d/d7/2021_BMW_M4_Competition_Front.jpg/600px-2021_BMW_M4_Competition_Front.jpg
Dodge,Viper,2017,8.4,645,600,3.3,"118,795",118795.0,3.3,645.0,600.0,Combustão,8.4,Estados Unidos,54.3,50.51,41.02,3.45,372185.58,-253390.58,171891.84,-53096.84,-30.9,Custo-Benefício Excepcional,https://images.unsplash.com/photo-1544829099-b9a0c07fad1a?w=600&auto=format&fit=crop&q=80
Ferrari,Portofino,2021,3.9,591,560,3.5,"218,750",218750.0,3.5,591.0,560.0,Combustão,3.9,Europa,27.02,25.6,37.86,1.73,285357.72,-66607.72,143065.66,75684.34,52.9,Prêmio de Exclusividade / Grife,https://images.unsplash.com/photo-1544829099-b9a0c07fad1a?w=600&auto=format&fit=crop&q=80
Jaguar,F-Type,2022,3,296,295,5.4,"61,600",61600.0,5.4,296.0,295.0,Combustão,3.0,Europa,48.05,47.89,14.66,2.38,-43935.22,105535.22,43218.44,18381.56,42.5,Preço Compatível com Mercado,https://thumb.wikimedia.org/wikipedia/commons/thumb/d/d5/2017_Jaguar_F-Type_V6_R-Dynamic_Automatic_3.0_Front.jpg/600px-2017_Jaguar_F-Type_V6_R-Dynamic_Automatic_3.0_Front.jpg?utm_source=en.wikipedia.org&utm_campaign=api&utm_content=thumbnail
Lamborghini,Aventador SVJ,2021,6.5,770,531,2.8,"517,700",517700.0,2.8,770.0,531.0,Combustão,6.5,Europa,14.87,10.26,45.77,0.88,617085.2,-99385.2,328607.96,189092.04,57.5,Prêmio de Exclusividade / Grife,https://upload.wikimedia.org/wikipedia/commons/thumb/a/af/Lamborghini_Aventador_SVJ_1X7A0135.jpg/600px-Lamborghini_Aventador_SVJ_1X7A0135.jpg
McLaren,600LT,2021,3.8,592,457,2.8,"240,000",240000.0,2.8,592.0,457.0,Combustão,3.8,Europa,24.67,19.04,40.57,1.69,206298.63,33701.37,204867.72,35132.28,17.1,Preço Compatível com Mercado,https://thumb.wikimedia.org/wikipedia/commons/thumb/8/87/2017_McLaren_570S%2C_blue%2C_front_left.jpg/600px-2017_McLaren_570S%2C_blue%2C_front_left.jpg?utm_source=en.wikipedia.org&utm_campaign=api&utm_content=thumbnail
Aston Martin,DB11,2021,5.2,630,516,3.5,"221,400",221400.0,3.5,630.0,516.0,Combustão,5.2,Europa,28.46,23.31,37.96,1.71,393957.05,-172557.05,171674.13,49725.87,29.0,Preço Compatível com Mercado,https://upload.wikimedia.org/wikipedia/commons/thumb/4/47/2017_Aston_Martin_DB11_V12_Automatic_5.2_Front.jpg/600px-2017_Aston_Martin_DB11_V12_Automatic_5.2_Front.jpg
Bentley,Continental GT,2021,6,626,664,3.6,"202,500",202500.0,3.6,626.0,664.0,Combustão,6.0,Europa,30.91,32.79,39.8,1.97,354692.32,-152192.32,135315.37,67184.63,49.7,Preço Compatível com Mercado,https://images.unsplash.com/photo-1544829099-b9a0c07fad1a?w=600&auto=format&fit=crop&q=80
Dodge,Challenger SRT Hellcat,2021,6.2,717,656,3.5,"64,100",64100.0,3.5,717.0,656.0,Combustão,6.2,Estados Unidos,111.86,102.34,42.3,6.6,562668.82,-498568.82,188804.36,-124704.36,-66.0,Custo-Benefício Excepcional,https://upload.wikimedia.org/wikipedia/commons/thumb/2/2c/2015_Dodge_Challenger_SRT_Hellcat_Front.jpg/600px-2015_Dodge_Challenger_SRT_Hellcat_Front.jpg
Koenigsegg,Jesko,2022,5,1280,1015,2.5,"2,800,000",2800000.0,2.5,1280.0,1015.0,Combustão,5.0,Europa,4.57,3.62,67.28,0.24,1661504.97,1138495.03,980082.23,1819917.77,185.7,Prêmio de Exclusividade / Grife,https://upload.wikimedia.org/wikipedia/commons/thumb/3/30/Koenigsegg_Jesko_Genf_2019_1Y7A5478.jpg/600px-Koenigsegg_Jesko_Genf_2019_1Y7A5478.jpg
Maserati,GranTurismo,2021,4.7,454,384,4.8,"150,980",150980.0,4.8,454.0,384.0,Combustão,4.7,Europa,30.07,25.43,23.51,1.56,216377.3,-65397.3,77069.85,73910.15,95.9,Prêmio de Exclusividade / Grife,https://thumb.wikimedia.org/wikipedia/commons/thumb/0/00/Maserati_GranTurismo_Trofeo_1X7A0828.jpg/600px-Maserati_GranTurismo_Trofeo_1X7A0828.jpg?utm_source=en.wikipedia.org&utm_campaign=api&utm_content=thumbnail
Mercedes-AMG,C 63 S,2022,4,503,516,3.7,"81,550",81550.0,3.7,503.0,516.0,Combustão,4.0,Europa,61.68,63.27,33.89,4.16,116935.09,-35385.09,107364.66,-25814.66,-24.0,Bom Custo-Benefício,https://images.unsplash.com/photo-1544829099-b9a0c07fad1a?w=600&auto=format&fit=crop&q=80
Pagani,Huayra,2021,6,764,738,2.8,"3,500,000",3500000.0,2.8,764.0,738.0,Combustão,6.0,Europa,2.18,2.11,49.22,0.14,538540.98,2961459.02,245890.47,3254109.53,1323.4,Prêmio de Exclusividade / Grife,https://images.unsplash.com/photo-1544829099-b9a0c07fad1a?w=600&auto=format&fit=crop&q=80
Porsche,Cayman GT4,2021,4,414,309,4.2,"102,550",102550.0,4.2,414.0,309.0,Combustão,4.0,Europa,40.37,30.13,25.16,2.45,44974.09,57575.91,90416.21,12133.79,13.4,Preço Compatível com Mercado,https://images.unsplash.com/photo-1544829099-b9a0c07fad1a?w=600&auto=format&fit=crop&q=80
Rimac,C_Two,2022,,1888,1696,1.8,"2,400,000",2400000.0,1.8,1888.0,1696.0,Elétrico,0.0,Europa,7.87,7.07,96.91,0.4,2819085.95,-419085.95,3506917.72,-1106917.72,-31.6,Custo-Benefício Excepcional,https://images.unsplash.com/photo-1544829099-b9a0c07fad1a?w=600&auto=format&fit=crop&q=80
Rolls-Royce,Wraith,2021,6.6,624,642,4.4,"330,000",330000.0,4.4,624.0,642.0,Combustão,6.6,Europa,18.91,19.45,34.27,1.04,486104.92,-156104.92,107477.36,222522.64,207.0,Prêmio de Exclusividade / Grife,https://images.unsplash.com/photo-1544829099-b9a0c07fad1a?w=600&auto=format&fit=crop&q=80
Tesla,Roadster,2022,,10000+,0,1.9,"200,000",200000.0,1.9,1020.0,0.0,Elétrico,0.0,Estados Unidos,51.0,0.0,47.81,2.39,1244439.72,-1044439.72,1945712.64,-1745712.64,-89.7,Custo-Benefício Excepcional,https://upload.wikimedia.org/wikipedia/commons/thumb/8/8c/Tesla_Roadster_2020_front.jpg/600px-Tesla_Roadster_2020_front.jpg
Bentley,Continental GT,2022,4,542,568,3.9,"207,825",207825.0,3.9,542.0,568.0,Combustão,4.0,Europa,26.08,27.33,34.37,1.65,228259.75,-20434.75,106672.6,101152.4,94.8,Prêmio de Exclusividade / Grife,https://images.unsplash.com/photo-1544829099-b9a0c07fad1a?w=600&auto=format&fit=crop&q=80
Dodge,Challenger SRT Hellcat,2021,6.2,717,656,3.5,"64,195",64195.0,3.5,717.0,656.0,Combustão,6.2,Estados Unidos,111.69,102.19,42.3,6.59,562668.82,-498473.82,188804.36,-124609.36,-66.0,Custo-Benefício Excepcional,https://upload.wikimedia.org/wikipedia/commons/thumb/2/2c/2015_Dodge_Challenger_SRT_Hellcat_Front.jpg/600px-2015_Dodge_Challenger_SRT_Hellcat_Front.jpg
Jaguar,F-Type,2022,3,380,339,4.8,"62,250",62250.0,4.8,380.0,339.0,Combustão,3.0,Europa,61.04,54.46,21.1,3.39,49997.3,12252.7,64515.28,-2265.28,-3.5,Bom Custo-Benefício,https://thumb.wikimedia.org/wikipedia/commons/thumb/d/d5/2017_Jaguar_F-Type_V6_R-Dynamic_Automatic_3.0_Front.jpg/600px-2017_Jaguar_F-Type_V6_R-Dynamic_Automatic_3.0_Front.jpg?utm_source=en.wikipedia.org&utm_campaign=api&utm_content=thumbnail
Lexus,LC 500,2022,5,471,398,4.4,"92,000",92000.0,4.4,471.0,398.0,Combustão,5.0,Ásia,51.2,43.26,26.68,2.9,188723.37,-96723.37,90660.8,1339.2,1.5,Preço Compatível com Mercado,https://thumb.wikimedia.org/wikipedia/commons/thumb/8/89/2023_Lexus_LC500_in_Atomic_Silver%2C_front_left.jpg/600px-2023_Lexus_LC500_in_Atomic_Silver%2C_front_left.jpg?utm_source=en.wikipedia.org&utm_campaign=api&utm_content=thumbnail
McLaren,570S,2022,3.8,562,443,2.9,"204,550",204550.0,2.9,562.0,443.0,Combustão,3.8,Europa,27.47,21.66,39.03,1.91,153723.2,50826.8,183669.82,20880.18,11.4,Preço Compatível com Mercado,https://upload.wikimedia.org/wikipedia/commons/thumb/2/2f/2016_McLaren_570S_Coupe_Front.jpg/600px-2016_McLaren_570S_Coupe_Front.jpg
Tesla,Model S Plaid,2021,Electric (tri-motor),1020,1050,1.9,"141,190",141190.0,1.9,1020.0,1050.0,Elétrico,0.0,Estados Unidos,72.24,74.37,66.0,4.67,920171.57,-778981.57,492657.99,-351467.99,-71.3,Custo-Benefício Excepcional,https://upload.wikimedia.org/wikipedia/commons/thumb/1/14/2018_Tesla_Model_S_75D_Front.jpg/600px-2018_Tesla_Model_S_75D_Front.jpg
Audi,RS 5,2021,2.9,444,443,3.5,"75,100",75100.0,3.5,444.0,443.0,Combustão,2.9,Europa,59.12,58.99,32.61,4.34,-36627.77,111727.77,104188.56,-29088.56,-27.9,Bom Custo-Benefício,https://images.unsplash.com/photo-1544829099-b9a0c07fad1a?w=600&auto=format&fit=crop&q=80
Chevrolet,Camaro ZL1,2021,6.2,650,650,3.5,"64,995",64995.0,3.5,650.0,650.0,Combustão,6.2,Estados Unidos,100.01,100.01,40.72,6.27,401297.83,-336302.83,153587.65,-88592.65,-57.7,Custo-Benefício Excepcional,https://images.unsplash.com/photo-1544829099-b9a0c07fad1a?w=600&auto=format&fit=crop&q=80
Dodge,Viper ACR,2017,8.4,645,600,3.3,"126,190",126190.0,3.3,645.0,600.0,Combustão,8.4,Estados Unidos,51.11,47.55,41.02,3.25,372185.58,-245995.58,171891.84,-45701.84,-26.6,Bom Custo-Benefício,https://images.unsplash.com/photo-1544829099-b9a0c07fad1a?w=600&auto=format&fit=crop&q=80
Ford,GT,2021,3.5,660,550,2.9,"500,000",500000.0,2.9,660.0,550.0,Combustão,3.5,Estados Unidos,13.2,11.0,43.04,0.86,359424.22,140575.78,218460.23,281539.77,128.9,Prêmio de Exclusividade / Grife,https://upload.wikimedia.org/wikipedia/commons/thumb/f/f0/2017_Ford_GT_Front.jpg/600px-2017_Ford_GT_Front.jpg
Porsche,Taycan 4S,2022,2.5,482,472,3.8,"102,900",102900.0,3.8,482.0,472.0,Combustão,2.5,Europa,46.84,45.87,32.03,3.11,95550.07,7349.93,103031.63,-131.63,-0.1,Bom Custo-Benefício,https://images.unsplash.com/photo-1544829099-b9a0c07fad1a?w=600&auto=format&fit=crop&q=80
Lamborghini,Aventador S,2021,6.5,730,509,2.9,"417,650",417650.0,2.9,730.0,509.0,Combustão,6.5,Europa,17.48,12.19,43.87,1.05,542618.6,-124968.6,288334.84,129315.16,44.8,Preço Compatível com Mercado,https://upload.wikimedia.org/wikipedia/commons/thumb/c/ca/Lamborghini_Aventador_LP_700-4_-_Front_view_orange.jpg/600px-Lamborghini_Aventador_LP_700-4_-_Front_view_orange.jpg
Aston Martin,DB11,2021,5.2,630,516,3.5,"205,000",205000.0,3.5,630.0,516.0,Combustão,5.2,Europa,30.73,25.17,37.96,1.85,393957.05,-188957.05,171674.13,33325.87,19.4,Preço Compatível com Mercado,https://upload.wikimedia.org/wikipedia/commons/thumb/4/47/2017_Aston_Martin_DB11_V12_Automatic_5.2_Front.jpg/600px-2017_Aston_Martin_DB11_V12_Automatic_5.2_Front.jpg
Alfa Romeo,Giulia Quadrifoglio,2022,2.9,505,443,3.8,"81,250",81250.0,3.8,505.0,443.0,Combustão,2.9,Europa,62.15,54.52,32.03,3.94,160538.15,-79288.15,115184.43,-33934.43,-29.5,Bom Custo-Benefício,https://thumb.wikimedia.org/wikipedia/commons/thumb/2/29/Alfa_952_26.06.19_JM_%281%29_%28cropped%29.jpg/960px-Alfa_952_26.06.19_JM_%281%29_%28cropped%29.jpg?utm_source=en.wikipedia.org&utm_campaign=api&utm_content=thumbnail
Audi,RS7 Sportback,2022,4,591,590,3.5,"115,045",115045.0,3.5,591.0,590.0,Combustão,4.0,Europa,51.37,51.28,38.38,3.34,276092.91,-161047.91,137559.82,-22514.82,-16.4,Bom Custo-Benefício,https://upload.wikimedia.org/wikipedia/commons/thumb/8/88/Audi_RS_7_Sportback_IAA_2019_1X7A0265.jpg/600px-Audi_RS_7_Sportback_IAA_2019_1X7A0265.jpg
BMW,M4 Competition,2021,3,503,479,3.9,"75,695",75695.0,3.9,503.0,479.0,Combustão,3.0,Europa,66.45,63.28,31.97,4.22,160734.37,-85039.37,105789.92,-30094.92,-28.4,Bom Custo-Benefício,https://upload.wikimedia.org/wikipedia/commons/thumb/d/d7/2021_BMW_M4_Competition_Front.jpg/600px-2021_BMW_M4_Competition_Front.jpg
Chevrolet,Camaro SS,2022,6.2,455,455,4.1,"42,000",42000.0,4.1,455.0,455.0,Combustão,6.2,Estados Unidos,108.33,108.33,29.23,6.96,83582.35,-41582.35,87895.89,-45895.89,-52.2,Custo-Benefício Excepcional,https://thumb.wikimedia.org/wikipedia/commons/thumb/5/5e/2019_Chevrolet_Camaro_2SS_6.2L_front_3.16.19.jpg/600px-2019_Chevrolet_Camaro_2SS_6.2L_front_3.16.19.jpg?utm_source=en.wikipedia.org&utm_campaign=api&utm_content=thumbnail
Dodge,Charger Hellcat,2021,6.2,717,650,3.6,"71,490",71490.0,3.6,717.0,650.0,Combustão,6.2,Estados Unidos,100.29,90.92,41.56,5.81,580708.13,-509218.13,184374.95,-112884.95,-61.2,Custo-Benefício Excepcional,https://images.unsplash.com/photo-1544829099-b9a0c07fad1a?w=600&auto=format&fit=crop&q=80
Ford,GT,2021,3.5,660,550,2.8,"500,000",500000.0,2.8,660.0,550.0,Combustão,3.5,Estados Unidos,13.2,11.0,43.68,0.87,343237.87,156762.13,225471.29,274528.71,121.8,Prêmio de Exclusividade / Grife,https://upload.wikimedia.org/wikipedia/commons/thumb/f/f0/2017_Ford_GT_Front.jpg/600px-2017_Ford_GT_Front.jpg
Koenigsegg,Jesko Absolut,2022,5,1600,1106,2.1,"2,800,000",2800000.0,2.1,1600.0,1106.0,Combustão,5.0,Europa,5.71,3.95,78.45,0.28,2348233.43,451766.57,2747422.65,52577.35,1.9,Preço Compatível com Mercado,https://upload.wikimedia.org/wikipedia/commons/thumb/3/30/Koenigsegg_Jesko_Genf_2019_1Y7A5478.jpg/600px-Koenigsegg_Jesko_Genf_2019_1Y7A5478.jpg
Lexus,LC 500,2021,5,471,398,4.4,"93,050",93050.0,4.4,471.0,398.0,Combustão,5.0,Ásia,50.62,42.77,26.68,2.87,188723.37,-95673.37,90660.8,2389.2,2.6,Preço Compatível com Mercado,https://thumb.wikimedia.org/wikipedia/commons/thumb/8/89/2023_Lexus_LC500_in_Atomic_Silver%2C_front_left.jpg/600px-2023_Lexus_LC500_in_Atomic_Silver%2C_front_left.jpg?utm_source=en.wikipedia.org&utm_campaign=api&utm_content=thumbnail
Lotus,Evija,2022,Electric,1973,1254,2.5,"2,750,000",2750000.0,2.5,1973.0,1254.0,Elétrico,0.0,Europa,7.17,4.56,86.66,0.32,3275966.99,-525966.99,6577675.84,-3827675.84,-58.2,Custo-Benefício Excepcional,https://images.unsplash.com/photo-1544829099-b9a0c07fad1a?w=600&auto=format&fit=crop&q=80
McLaren,GT,2022,4,612,465,3.2,"210,000",210000.0,3.2,612.0,465.0,Combustão,4.0,Europa,29.14,22.14,38.6,1.84,317296.97,-107296.97,190473.04,19526.96,10.3,Preço Compatível com Mercado,https://upload.wikimedia.org/wikipedia/commons/thumb/f/f6/McLaren_GT_IMG_3457.jpg/600px-McLaren_GT_IMG_3457.jpg
Mercedes-Benz,AMG GT Black Series,2021,4,720,590,3.2,"326,050",326050.0,3.2,720.0,590.0,Combustão,4.0,Europa,22.08,18.1,43.14,1.32,541800.89,-215750.89,228471.51,97578.49,42.7,Preço Compatível com Mercado,https://images.unsplash.com/photo-1544829099-b9a0c07fad1a?w=600&auto=format&fit=crop&q=80
Porsche,Cayman GT4,2021,4,414,309,4.2,"102,500",102500.0,4.2,414.0,309.0,Combustão,4.0,Europa,40.39,30.15,25.16,2.45,44974.09,57525.91,90416.21,12083.79,13.4,Preço Compatível com Mercado,https://images.unsplash.com/photo-1544829099-b9a0c07fad1a?w=600&auto=format&fit=crop&q=80
Lamborghini,Aventador,2021,6.5,770,531,2.8,"417,650",417650.0,2.8,770.0,531.0,Combustão,6.5,Europa,18.44,12.71,45.77,1.1,617085.2,-199435.2,328607.96,89042.04,27.1,Preço Compatível com Mercado,https://upload.wikimedia.org/wikipedia/commons/thumb/c/ca/Lamborghini_Aventador_LP_700-4_-_Front_view_orange.jpg/600px-Lamborghini_Aventador_LP_700-4_-_Front_view_orange.jpg
Ferrari,Portofino,2021,3.9,591,560,3.3,"218,750",218750.0,3.3,591.0,560.0,Combustão,3.9,Europa,27.02,25.6,39.14,1.79,252985.02,-34235.02,152395.85,66354.15,43.5,Preço Compatível com Mercado,https://images.unsplash.com/photo-1544829099-b9a0c07fad1a?w=600&auto=format&fit=crop&q=80
Audi,TT RS,2022,2.5,394,354,3.6,"69,000",69000.0,3.6,394.0,354.0,Combustão,2.5,Europa,57.1,51.3,29.33,4.25,-114764.76,183764.76,96652.56,-27652.56,-28.6,Bom Custo-Benefício,https://images.unsplash.com/photo-1544829099-b9a0c07fad1a?w=600&auto=format&fit=crop&q=80
McLaren,600LT Spider,2021,3.8,592,457,2.8,"256,500",256500.0,2.8,592.0,457.0,Combustão,3.8,Europa,23.08,17.82,40.57,1.58,206298.63,50201.37,204867.72,51632.28,25.2,Preço Compatível com Mercado,https://thumb.wikimedia.org/wikipedia/commons/thumb/8/87/2017_McLaren_570S%2C_blue%2C_front_left.jpg/600px-2017_McLaren_570S%2C_blue%2C_front_left.jpg?utm_source=en.wikipedia.org&utm_campaign=api&utm_content=thumbnail
Mercedes-Benz,AMG C 63,2022,4,503,516,3.8,"70,000",70000.0,3.8,503.0,516.0,Combustão,4.0,Europa,71.86,73.71,33.25,4.75,133121.44,-63121.44,104026.14,-34026.14,-32.7,Custo-Benefício Excepcional,https://images.unsplash.com/photo-1544829099-b9a0c07fad1a?w=600&auto=format&fit=crop&q=80
Chevrolet,Camaro SS 1LE,2021,6.2,455,455,4,"44,500",44500.0,4.0,455.0,455.0,Combustão,6.2,Estados Unidos,102.25,102.25,29.86,6.71,67396.0,-22896.0,90716.74,-46216.74,-50.9,Custo-Benefício Excepcional,https://images.unsplash.com/photo-1544829099-b9a0c07fad1a?w=600&auto=format&fit=crop&q=80
Ford,Mustang Mach 1,2021,5,480,420,4,"51,000",51000.0,4.0,480.0,420.0,Combustão,5.0,Estados Unidos,94.12,82.35,29.81,5.85,139109.4,-88109.4,102872.05,-51872.05,-50.4,Custo-Benefício Excepcional,https://images.unsplash.com/photo-1544829099-b9a0c07fad1a?w=600&auto=format&fit=crop&q=80
Nissan,370Z Nismo,2021,3.7,350,276,5.2,"45,000",45000.0,5.2,350.0,276.0,Combustão,3.7,Ásia,77.78,61.33,16.79,3.73,61113.43,-16113.43,56092.97,-11092.97,-19.8,Bom Custo-Benefício,https://upload.wikimedia.org/wikipedia/commons/thumb/8/87/Nissan_370Z_Heritage_Edition_Front.jpg/600px-Nissan_370Z_Heritage_Edition_Front.jpg
Koenigsegg,Jesko,2021,5,1262,1106,2.5,"3,000,000",3000000.0,2.5,1262.0,1106.0,Combustão,5.0,Europa,4.21,3.69,68.46,0.23,1589550.52,1410449.48,821411.12,2178588.88,265.2,Prêmio de Exclusividade / Grife,https://upload.wikimedia.org/wikipedia/commons/thumb/3/30/Koenigsegg_Jesko_Genf_2019_1Y7A5478.jpg/600px-Koenigsegg_Jesko_Genf_2019_1Y7A5478.jpg
Pagani,Huayra,2021,6,764,738,2.6,"2,600,000",2600000.0,2.6,764.0,738.0,Combustão,6.0,Europa,2.94,2.84,50.5,0.19,506168.29,2093831.71,261926.49,2338073.51,892.6,Prêmio de Exclusividade / Grife,https://images.unsplash.com/photo-1544829099-b9a0c07fad1a?w=600&auto=format&fit=crop&q=80
McLaren,Speedtail,2021,4,1035,848,2.5,"2,300,000",2300000.0,2.5,1035.0,848.0,Combustão,4.0,Europa,4.5,3.69,59.0,0.26,1116215.34,1183784.66,556966.79,1743033.21,313.0,Prêmio de Exclusividade / Grife,https://images.unsplash.com/photo-1544829099-b9a0c07fad1a?w=600&auto=format&fit=crop&q=80
Lamborghini,Sián,2021,6.5,819,531,2.8,"3,600,000",3600000.0,2.8,819.0,531.0,Combustão,6.5,Europa,2.28,1.48,46.84,0.13,736457.94,2863542.06,384361.75,3215638.25,836.6,Prêmio de Exclusividade / Grife,https://images.unsplash.com/photo-1544829099-b9a0c07fad1a?w=600&auto=format&fit=crop&q=80
Rimac,C_Two,2021,Electric,1914,1732,1.8,"2,400,000",2400000.0,1.8,1914.0,1732.0,Elétrico,0.0,Europa,7.98,7.22,98.11,0.41,2871308.82,-471308.82,3635696.18,-1235696.18,-34.0,Custo-Benefício Excepcional,https://images.unsplash.com/photo-1544829099-b9a0c07fad1a?w=600&auto=format&fit=crop&q=80
Porsche,Cayman,2022,2,300,280,4.9,"59,900",59900.0,4.9,300.0,280.0,Combustão,2.0,Europa,50.08,46.74,17.68,2.95,-110489.84,170389.84,52280.71,7619.29,14.6,Preço Compatível com Mercado,https://thumb.wikimedia.org/wikipedia/commons/thumb/2/2d/Porsche_718_Boxster_Spyder_IMG_2961.jpg/600px-Porsche_718_Boxster_Spyder_IMG_2961.jpg?utm_source=en.wikipedia.org&utm_campaign=api&utm_content=thumbnail
Lamborghini,Aventador,2021,6.5,770,531,2.8,"393,695",393695.0,2.8,770.0,531.0,Combustão,6.5,Europa,19.56,13.49,45.77,1.16,617085.2,-223390.2,328607.96,65087.04,19.8,Preço Compatível com Mercado,https://upload.wikimedia.org/wikipedia/commons/thumb/c/ca/Lamborghini_Aventador_LP_700-4_-_Front_view_orange.jpg/600px-Lamborghini_Aventador_LP_700-4_-_Front_view_orange.jpg
Ferrari,Portofino,2021,3.9,591,413,3.5,"215,000",215000.0,3.5,591.0,413.0,Combustão,3.9,Europa,27.49,19.21,35.32,1.64,330755.26,-115755.26,173400.39,41599.61,24.0,Preço Compatível com Mercado,https://images.unsplash.com/photo-1544829099-b9a0c07fad1a?w=600&auto=format&fit=crop&q=80
Audi,RS 5,2022,2.9,444,443,3.7,"75,100",75100.0,3.7,444.0,443.0,Combustão,2.9,Europa,59.12,58.99,31.33,4.17,-4255.08,79355.08,97809.78,-22709.78,-23.2,Bom Custo-Benefício,https://images.unsplash.com/photo-1544829099-b9a0c07fad1a?w=600&auto=format&fit=crop&q=80
McLaren,GT,2021,4,620,465,3.1,"210,000",210000.0,3.1,620.0,465.0,Combustão,4.0,Europa,29.52,22.14,39.41,1.88,320600.05,-110600.05,201680.8,8319.2,4.1,Preço Compatível com Mercado,https://upload.wikimedia.org/wikipedia/commons/thumb/f/f6/McLaren_GT_IMG_3457.jpg/600px-McLaren_GT_IMG_3457.jpg
BMW,Z4 M40i,2022,3,382,369,4.3,"63,700",63700.0,4.3,382.0,369.0,Combustão,3.0,Europa,59.97,57.93,24.85,3.9,-35326.88,99026.88,73112.42,-9412.42,-12.9,Bom Custo-Benefício,https://images.unsplash.com/photo-1544829099-b9a0c07fad1a?w=600&auto=format&fit=crop&q=80
Mercedes-Benz,SLC 43,2020,3,385,384,4.6,"62,000",62000.0,4.6,385.0,384.0,Combustão,3.0,Europa,62.1,61.94,23.26,3.75,15908.3,46091.7,65838.47,-3838.47,-5.8,Bom Custo-Benefício,https://images.unsplash.com/photo-1544829099-b9a0c07fad1a?w=600&auto=format&fit=crop&q=80
Chevrolet,Camaro SS,2022,6.2,455,455,4.3,"42,500",42500.0,4.3,455.0,455.0,Combustão,6.2,Estados Unidos,107.06,107.06,27.95,6.58,115955.04,-73455.04,82514.61,-40014.61,-48.5,Custo-Benefício Excepcional,https://thumb.wikimedia.org/wikipedia/commons/thumb/5/5e/2019_Chevrolet_Camaro_2SS_6.2L_front_3.16.19.jpg/600px-2019_Chevrolet_Camaro_2SS_6.2L_front_3.16.19.jpg?utm_source=en.wikipedia.org&utm_campaign=api&utm_content=thumbnail
Ford,Mustang GT,2022,5,460,420,4.3,"36,120",36120.0,4.3,460.0,420.0,Combustão,5.0,Estados Unidos,127.35,116.28,27.45,7.6,138944.87,-102824.87,87772.89,-51652.89,-58.8,Custo-Benefício Excepcional,https://upload.wikimedia.org/wikipedia/commons/thumb/d/df/2018_Ford_Mustang_GT_5.0_Front.jpg/600px-2018_Ford_Mustang_GT_5.0_Front.jpg
Nissan,370Z Nismo,2020,3.7,350,276,4.6,"45,790",45790.0,4.6,350.0,276.0,Combustão,3.7,Ásia,76.44,60.28,20.62,4.5,-36004.65,81794.65,67798.74,-22008.74,-32.5,Custo-Benefício Excepcional,https://upload.wikimedia.org/wikipedia/commons/thumb/8/87/Nissan_370Z_Heritage_Edition_Front.jpg/600px-Nissan_370Z_Heritage_Edition_Front.jpg
Aston Martin,Vantage,2022,4,503,505,3.6,"146,000",146000.0,3.6,503.0,505.0,Combustão,4.0,Europa,34.45,34.59,34.34,2.35,104145.84,41854.16,112416.38,33583.62,29.9,Preço Compatível com Mercado,https://upload.wikimedia.org/wikipedia/commons/thumb/b/b3/2019_Aston_Martin_Vantage_V8_4.0_Front.jpg/600px-2019_Aston_Martin_Vantage_V8_4.0_Front.jpg
Bentley,Continental GT,2021,4,626,664,3.3,"220,000",220000.0,3.3,626.0,664.0,Combustão,4.0,Europa,28.45,30.18,41.71,1.9,306133.28,-86133.28,148766.01,71233.99,47.9,Preço Compatível com Mercado,https://images.unsplash.com/photo-1544829099-b9a0c07fad1a?w=600&auto=format&fit=crop&q=80
Porsche,718 Boxster,2022,2,300,280,4.9,"62,000",62000.0,4.9,300.0,280.0,Combustão,2.0,Europa,48.39,45.16,17.68,2.85,-110489.84,172489.84,52280.71,9719.29,18.6,Preço Compatível com Mercado,https://images.unsplash.com/photo-1544829099-b9a0c07fad1a?w=600&auto=format&fit=crop&q=80
Ferrari,F8 Spider,2021,3.9,710,568,2.9,"280,000",280000.0,2.9,710.0,568.0,Combustão,3.9,Europa,25.36,20.29,44.45,1.59,475674.25,-195674.25,250378.6,29621.4,11.8,Preço Compatível com Mercado,https://images.unsplash.com/photo-1544829099-b9a0c07fad1a?w=600&auto=format&fit=crop&q=80
Audi,TT RS,2022,2.5,394,354,3.6,"69,900",69900.0,3.6,394.0,354.0,Combustão,2.5,Europa,56.37,50.64,29.33,4.2,-114764.76,184664.76,96652.56,-26752.56,-27.7,Bom Custo-Benefício,https://images.unsplash.com/photo-1544829099-b9a0c07fad1a?w=600&auto=format&fit=crop&q=80
McLaren,570S,2021,3.8,562,443,2.9,"208,800",208800.0,2.9,562.0,443.0,Combustão,3.8,Europa,26.92,21.22,39.03,1.87,153723.2,55076.8,183669.82,25130.18,13.7,Preço Compatível com Mercado,https://upload.wikimedia.org/wikipedia/commons/thumb/2/2f/2016_McLaren_570S_Coupe_Front.jpg/600px-2016_McLaren_570S_Coupe_Front.jpg
BMW,M4,2022,3,473,406,4,"72,800",72800.0,4.0,473.0,406.0,Combustão,3.0,Europa,64.97,55.77,29.41,4.04,126379.73,-53579.73,102453.79,-29653.79,-28.9,Bom Custo-Benefício,https://upload.wikimedia.org/wikipedia/commons/thumb/d/d7/2021_BMW_M4_Competition_Front.jpg/600px-2021_BMW_M4_Competition_Front.jpg
Porsche,718 Cayman,2022,2,300,280,4.9,"60,500",60500.0,4.9,300.0,280.0,Combustão,2.0,Europa,49.59,46.28,17.68,2.92,-110489.84,170989.84,52280.71,8219.29,15.7,Preço Compatível com Mercado,https://images.unsplash.com/photo-1544829099-b9a0c07fad1a?w=600&auto=format&fit=crop&q=80
Lamborghini,Aventador,2021,6.5,730,509,2.9,"393,695",393695.0,2.9,730.0,509.0,Combustão,6.5,Europa,18.54,12.93,43.87,1.11,542618.6,-148923.6,288334.84,105360.16,36.5,Preço Compatível com Mercado,https://upload.wikimedia.org/wikipedia/commons/thumb/c/ca/Lamborghini_Aventador_LP_700-4_-_Front_view_orange.jpg/600px-Lamborghini_Aventador_LP_700-4_-_Front_view_orange.jpg
Audi,RS5,2022,2.9,444,443,3.7,"75,100",75100.0,3.7,444.0,443.0,Combustão,2.9,Europa,59.12,58.99,31.33,4.17,-4255.08,79355.08,97809.78,-22709.78,-23.2,Bom Custo-Benefício,https://thumb.wikimedia.org/wikipedia/commons/thumb/1/1d/Audi_A5_B10_DSC_7314.jpg/600px-Audi_A5_B10_DSC_7314.jpg?utm_source=en.wikipedia.org&utm_campaign=api&utm_content=thumbnail
McLaren,GT,2021,4,612,465,3.2,"208,800",208800.0,3.2,612.0,465.0,Combustão,4.0,Europa,29.31,22.27,38.6,1.85,317296.97,-108496.97,190473.04,18326.96,9.6,Preço Compatível com Mercado,https://upload.wikimedia.org/wikipedia/commons/thumb/f/f6/McLaren_GT_IMG_3457.jpg/600px-McLaren_GT_IMG_3457.jpg
Mercedes-Benz,SLS AMG,2015,6.2,622,468,3.6,"229,000",229000.0,3.6,622.0,468.0,Combustão,6.2,Europa,27.16,20.44,36.31,1.59,405477.66,-176477.66,172640.99,56359.01,32.6,Preço Compatível com Mercado,https://images.unsplash.com/photo-1544829099-b9a0c07fad1a?w=600&auto=format&fit=crop&q=80
Nissan,370Z Nismo,2020,3.7,350,276,5.2,"46,200",46200.0,5.2,350.0,276.0,Combustão,3.7,Ásia,75.76,59.74,16.79,3.63,61113.43,-14913.43,56092.97,-9892.97,-17.6,Bom Custo-Benefício,https://upload.wikimedia.org/wikipedia/commons/thumb/8/87/Nissan_370Z_Heritage_Edition_Front.jpg/600px-Nissan_370Z_Heritage_Edition_Front.jpg
Dodge,Challenger SRT Hellcat,2021,6.2,717,656,3.6,"71,000",71000.0,3.6,717.0,656.0,Combustão,6.2,Estados Unidos,100.99,92.39,41.66,5.87,578855.17,-507855.17,182933.46,-111933.46,-61.2,Custo-Benefício Excepcional,https://upload.wikimedia.org/wikipedia/commons/thumb/2/2c/2015_Dodge_Challenger_SRT_Hellcat_Front.jpg/600px-2015_Dodge_Challenger_SRT_Hellcat_Front.jpg
Aston Martin,DBS Superleggera,2021,5.2,715,663,3.2,"308,000",308000.0,3.2,715.0,663.0,Combustão,5.2,Europa,23.21,21.53,44.29,1.44,507075.64,-199075.64,204368.37,103631.63,50.7,Prêmio de Exclusividade / Grife,https://images.unsplash.com/photo-1544829099-b9a0c07fad1a?w=600&auto=format&fit=crop&q=80
Alfa Romeo,Giulia Quadrifoglio,2022,2.9,505,443,3.8,"80,500",80500.0,3.8,505.0,443.0,Combustão,2.9,Europa,62.73,55.03,32.03,3.98,160538.15,-80038.15,115184.43,-34684.43,-30.1,Custo-Benefício Excepcional,https://thumb.wikimedia.org/wikipedia/commons/thumb/2/29/Alfa_952_26.06.19_JM_%281%29_%28cropped%29.jpg/960px-Alfa_952_26.06.19_JM_%281%29_%28cropped%29.jpg?utm_source=en.wikipedia.org&utm_campaign=api&utm_content=thumbnail
Jaguar,F-Type R,2021,5,575,516,3.5,"105,900",105900.0,3.5,575.0,516.0,Combustão,5.0,Europa,54.3,48.73,36.75,3.47,259967.24,-154067.24,143982.15,-38082.15,-26.4,Bom Custo-Benefício,https://thumb.wikimedia.org/wikipedia/commons/thumb/d/d5/2017_Jaguar_F-Type_V6_R-Dynamic_Automatic_3.0_Front.jpg/600px-2017_Jaguar_F-Type_V6_R-Dynamic_Automatic_3.0_Front.jpg?utm_source=en.wikipedia.org&utm_campaign=api&utm_content=thumbnail
Lotus,Evora GT,2020,3.5,416,317,3.8,"96,950",96950.0,3.8,416.0,317.0,Combustão,3.5,Europa,42.91,32.7,27.89,2.88,-17369.55,114319.55,102177.39,-5227.39,-5.1,Bom Custo-Benefício,https://thumb.wikimedia.org/wikipedia/commons/thumb/2/26/2017_Lotus_Evora_400%2C_sky_blue%2C_front_left.jpg/960px-2017_Lotus_Evora_400%2C_sky_blue%2C_front_left.jpg?utm_source=en.wikipedia.org&utm_campaign=api&utm_content=thumbnail
Maserati,GranTurismo,2019,4.7,454,384,4.7,"150,980",150980.0,4.7,454.0,384.0,Combustão,4.7,Europa,30.07,25.43,24.14,1.6,200190.95,-49210.95,79543.26,71436.74,89.8,Prêmio de Exclusividade / Grife,https://thumb.wikimedia.org/wikipedia/commons/thumb/0/00/Maserati_GranTurismo_Trofeo_1X7A0828.jpg/600px-Maserati_GranTurismo_Trofeo_1X7A0828.jpg?utm_source=en.wikipedia.org&utm_campaign=api&utm_content=thumbnail
Porsche,Panamera Turbo S,2022,4,630,604,2.9,"180,800",180800.0,2.9,630.0,604.0,Combustão,4.0,Europa,34.85,33.41,43.31,2.4,269662.22,-88862.22,184936.6,-4136.6,-2.2,Bom Custo-Benefício,https://thumb.wikimedia.org/wikipedia/commons/thumb/0/00/Porsche_972_Turbo_E-Hybrid_IMG_0445.jpg/600px-Porsche_972_Turbo_E-Hybrid_IMG_0445.jpg?utm_source=en.wikipedia.org&utm_campaign=api&utm_content=thumbnail
Lotus,Evora,2021,3.5,416,317,3.8,"94,000",94000.0,3.8,416.0,317.0,Combustão,3.5,Europa,44.26,33.72,27.89,2.97,-17369.55,111369.55,102177.39,-8177.39,-8.0,Bom Custo-Benefício,https://images.unsplash.com/photo-1544829099-b9a0c07fad1a?w=600&auto=format&fit=crop&q=80
Alfa Romeo,4C Spider,2020,1.7,237,258,4.1,"67,150",67150.0,4.1,237.0,258.0,Combustão,1.7,Europa,35.29,38.42,21.02,3.13,-386665.66,453815.66,56634.72,10515.28,18.6,Preço Compatível com Mercado,https://thumb.wikimedia.org/wikipedia/commons/thumb/3/34/Festival_automobile_international_2014_-_Alfa_Romeo_4C_-_009.jpg/600px-Festival_automobile_international_2014_-_Alfa_Romeo_4C_-_009.jpg?utm_source=en.wikipedia.org&utm_campaign=api&utm_content=thumbnail
Jaguar,F-Type,2022,3,380,339,4.9,"70,900",70900.0,4.9,380.0,339.0,Combustão,3.0,Europa,53.6,47.81,20.46,2.89,66183.65,4716.35,62509.17,8390.83,13.4,Preço Compatível com Mercado,https://thumb.wikimedia.org/wikipedia/commons/thumb/d/d5/2017_Jaguar_F-Type_V6_R-Dynamic_Automatic_3.0_Front.jpg/600px-2017_Jaguar_F-Type_V6_R-Dynamic_Automatic_3.0_Front.jpg?utm_source=en.wikipedia.org&utm_campaign=api&utm_content=thumbnail
Maserati,GranTurismo,2021,4.7,454,384,4.7,"134,300",134300.0,4.7,454.0,384.0,Combustão,4.7,Europa,33.8,28.59,24.14,1.8,200190.95,-65890.95,79543.26,54756.74,68.8,Prêmio de Exclusividade / Grife,https://thumb.wikimedia.org/wikipedia/commons/thumb/0/00/Maserati_GranTurismo_Trofeo_1X7A0828.jpg/600px-Maserati_GranTurismo_Trofeo_1X7A0828.jpg?utm_source=en.wikipedia.org&utm_campaign=api&utm_content=thumbnail
Audi,RS5 Coupe,2022,2.9,444,443,3.7,"76,450",76450.0,3.7,444.0,443.0,Combustão,2.9,Europa,58.08,57.95,31.33,4.1,-4255.08,80705.08,97809.78,-21359.78,-21.8,Bom Custo-Benefício,https://thumb.wikimedia.org/wikipedia/commons/thumb/1/1d/Audi_A5_B10_DSC_7314.jpg/600px-Audi_A5_B10_DSC_7314.jpg?utm_source=en.wikipedia.org&utm_campaign=api&utm_content=thumbnail
Chevrolet,Camaro ZL1,2022,6.2,650,650,3.5,"64,000",64000.0,3.5,650.0,650.0,Combustão,6.2,Estados Unidos,101.56,101.56,40.72,6.36,401297.83,-337297.83,153587.65,-89587.65,-58.3,Custo-Benefício Excepcional,https://images.unsplash.com/photo-1544829099-b9a0c07fad1a?w=600&auto=format&fit=crop&q=80
Dodge,Challenger SRT Hellcat,2022,6.2,717,656,3.5,"61,500",61500.0,3.5,717.0,656.0,Combustão,6.2,Estados Unidos,116.59,106.67,42.3,6.88,562668.82,-501168.82,188804.36,-127304.36,-67.4,Custo-Benefício Excepcional,https://upload.wikimedia.org/wikipedia/commons/thumb/2/2c/2015_Dodge_Challenger_SRT_Hellcat_Front.jpg/600px-2015_Dodge_Challenger_SRT_Hellcat_Front.jpg
Ford,GT,2021,3.5,647,550,2.8,"500,000",500000.0,2.8,647.0,550.0,Combustão,3.5,Estados Unidos,12.94,11.0,43.39,0.87,311567.55,188432.45,216288.76,283711.24,131.2,Prêmio de Exclusividade / Grife,https://upload.wikimedia.org/wikipedia/commons/thumb/f/f0/2017_Ford_GT_Front.jpg/600px-2017_Ford_GT_Front.jpg
McLaren,570S,2022,3.8,562,443,3.1,"198,950",198950.0,3.1,562.0,443.0,Combustão,3.8,Europa,28.25,22.27,37.75,1.9,186095.89,12854.11,172424.93,26525.07,15.4,Preço Compatível com Mercado,https://upload.wikimedia.org/wikipedia/commons/thumb/2/2f/2016_McLaren_570S_Coupe_Front.jpg/600px-2016_McLaren_570S_Coupe_Front.jpg
Mercedes-AMG,C63 S Coupe,2021,4,503,516,3.7,"77,950",77950.0,3.7,503.0,516.0,Combustão,4.0,Europa,64.53,66.2,33.89,4.35,116935.09,-38985.09,107364.66,-29414.66,-27.4,Bom Custo-Benefício,https://images.unsplash.com/photo-1544829099-b9a0c07fad1a?w=600&auto=format&fit=crop&q=80
Porsche,718 Boxster,2021,2,300,280,4.9,"62,000",62000.0,4.9,300.0,280.0,Combustão,2.0,Europa,48.39,45.16,17.68,2.85,-110489.84,172489.84,52280.71,9719.29,18.6,Preço Compatível com Mercado,https://images.unsplash.com/photo-1544829099-b9a0c07fad1a?w=600&auto=format&fit=crop&q=80
Lamborghini,Aventador S,2021,6.5,729,507,2.9,"417,826",417826.0,2.9,729.0,507.0,Combustão,6.5,Europa,17.45,12.13,43.81,1.05,540800.08,-122974.08,288167.07,129658.93,45.0,Preço Compatível com Mercado,https://upload.wikimedia.org/wikipedia/commons/thumb/c/ca/Lamborghini_Aventador_LP_700-4_-_Front_view_orange.jpg/600px-Lamborghini_Aventador_LP_700-4_-_Front_view_orange.jpg
Audi,TT RS Coupe,2021,2.5,394,354,3.6,"67,600",67600.0,3.6,394.0,354.0,Combustão,2.5,Europa,58.28,52.37,29.33,4.34,-114764.76,182364.76,96652.56,-29052.56,-30.1,Custo-Benefício Excepcional,https://images.unsplash.com/photo-1544829099-b9a0c07fad1a?w=600&auto=format&fit=crop&q=80
BMW,M4 Coupe,2021,3,473,406,3.8,"71,800",71800.0,3.8,473.0,406.0,Combustão,3.0,Europa,65.88,56.55,30.69,4.27,94007.03,-22207.03,109135.43,-37335.43,-34.2,Custo-Benefício Excepcional,https://upload.wikimedia.org/wikipedia/commons/thumb/d/d7/2021_BMW_M4_Competition_Front.jpg/600px-2021_BMW_M4_Competition_Front.jpg
Aston Martin,DBS Superleggera,2022,5.2,715,664,3.4,"314,500",314500.0,3.4,715.0,664.0,Combustão,5.2,Europa,22.73,21.11,43.03,1.37,539139.5,-224639.5,191605.43,122894.57,64.1,Prêmio de Exclusividade / Grife,https://images.unsplash.com/photo-1544829099-b9a0c07fad1a?w=600&auto=format&fit=crop&q=80
Bentley,Continental GT,2022,6,626,664,3.3,"214,425",214425.0,3.3,626.0,664.0,Combustão,6.0,Europa,29.19,30.97,41.71,1.95,306133.28,-91708.28,148766.01,65658.99,44.1,Preço Compatível com Mercado,https://images.unsplash.com/photo-1544829099-b9a0c07fad1a?w=600&auto=format&fit=crop&q=80
Bugatti,Chiron,2022,8,1500,1180,2.3,"3,000,000",3000000.0,2.3,1500.0,1180.0,Combustão,8.0,Europa,5.0,3.93,76.25,0.25,2114135.1,885864.9,1700372.84,1299627.16,76.4,Prêmio de Exclusividade / Grife,https://upload.wikimedia.org/wikipedia/commons/thumb/1/18/Bugatti_Chiron_1.jpg/600px-Bugatti_Chiron_1.jpg
Dodge,Challenger SRT Hellcat,2022,6.2,717,656,3.5,"71,490",71490.0,3.5,717.0,656.0,Combustão,6.2,Estados Unidos,100.29,91.76,42.3,5.92,562668.82,-491178.82,188804.36,-117314.36,-62.1,Custo-Benefício Excepcional,https://upload.wikimedia.org/wikipedia/commons/thumb/2/2c/2015_Dodge_Challenger_SRT_Hellcat_Front.jpg/600px-2015_Dodge_Challenger_SRT_Hellcat_Front.jpg
Jaguar,F-Type,2021,5,575,516,3.5,"105,900",105900.0,3.5,575.0,516.0,Combustão,5.0,Europa,54.3,48.73,36.75,3.47,259967.24,-154067.24,143982.15,-38082.15,-26.4,Bom Custo-Benefício,https://thumb.wikimedia.org/wikipedia/commons/thumb/d/d5/2017_Jaguar_F-Type_V6_R-Dynamic_Automatic_3.0_Front.jpg/600px-2017_Jaguar_F-Type_V6_R-Dynamic_Automatic_3.0_Front.jpg?utm_source=en.wikipedia.org&utm_campaign=api&utm_content=thumbnail
Koenigsegg,Jesko,2021,5,1280,1106,2.5,"2,800,000",2800000.0,2.5,1280.0,1106.0,Combustão,5.0,Europa,4.57,3.95,68.86,0.25,1633401.73,1166598.27,870087.59,1929912.41,221.8,Prêmio de Exclusividade / Grife,https://upload.wikimedia.org/wikipedia/commons/thumb/3/30/Koenigsegg_Jesko_Genf_2019_1Y7A5478.jpg/600px-Koenigsegg_Jesko_Genf_2019_1Y7A5478.jpg
Lotus,Evora GT,2021,3.5,416,317,3.8,"104,400",104400.0,3.8,416.0,317.0,Combustão,3.5,Europa,39.85,30.36,27.89,2.67,-17369.55,121769.55,102177.39,2222.61,2.2,Preço Compatível com Mercado,https://thumb.wikimedia.org/wikipedia/commons/thumb/2/26/2017_Lotus_Evora_400%2C_sky_blue%2C_front_left.jpg/960px-2017_Lotus_Evora_400%2C_sky_blue%2C_front_left.jpg?utm_source=en.wikipedia.org&utm_campaign=api&utm_content=thumbnail
Maserati,GranTurismo,2022,4.7,454,384,4.7,"150,980",150980.0,4.7,454.0,384.0,Combustão,4.7,Europa,30.07,25.43,24.14,1.6,200190.95,-49210.95,79543.26,71436.74,89.8,Prêmio de Exclusividade / Grife,https://thumb.wikimedia.org/wikipedia/commons/thumb/0/00/Maserati_GranTurismo_Trofeo_1X7A0828.jpg/600px-Maserati_GranTurismo_Trofeo_1X7A0828.jpg?utm_source=en.wikipedia.org&utm_campaign=api&utm_content=thumbnail
Porsche,Cayman GT4,2022,4,414,309,4.2,"102,000",102000.0,4.2,414.0,309.0,Combustão,4.0,Europa,40.59,30.29,25.16,2.47,44974.09,57025.91,90416.21,11583.79,12.8,Preço Compatível com Mercado,https://images.unsplash.com/photo-1544829099-b9a0c07fad1a?w=600&auto=format&fit=crop&q=80
Rimac,C_Two,2021,Electric,1914,1696,1.9,"2,400,000",2400000.0,1.9,1914.0,1696.0,Elétrico,0.0,Europa,7.98,7.07,96.85,0.4,2898612.93,-498612.93,3692506.65,-1292506.65,-35.0,Custo-Benefício Excepcional,https://images.unsplash.com/photo-1544829099-b9a0c07fad1a?w=600&auto=format&fit=crop&q=80
Rolls-Royce,Wraith,2021,6.8,624,605,4.4,"335,550",335550.0,4.4,624.0,605.0,Combustão,6.8,Europa,18.6,18.03,33.63,1.0,497531.51,-161981.51,112807.42,222742.58,197.5,Prêmio de Exclusividade / Grife,https://images.unsplash.com/photo-1544829099-b9a0c07fad1a?w=600&auto=format&fit=crop&q=80
Tesla,Model S Plaid,2021,Electric,1020,1050,1.9,"141,990",141990.0,1.9,1020.0,1050.0,Elétrico,0.0,Estados Unidos,71.84,73.95,66.0,4.65,920171.57,-778181.57,492657.99,-350667.99,-71.2,Custo-Benefício Excepcional,https://upload.wikimedia.org/wikipedia/commons/thumb/1/14/2018_Tesla_Model_S_75D_Front.jpg/600px-2018_Tesla_Model_S_75D_Front.jpg
TVR,Griffith,2021,5,500,420,3.9,"157,500",157500.0,3.9,500.0,420.0,Combustão,5.0,Europa,31.75,26.67,30.89,1.96,171646.62,-14146.62,113187.04,44312.96,39.2,Preço Compatível com Mercado,https://images.unsplash.com/photo-1544829099-b9a0c07fad1a?w=600&auto=format&fit=crop&q=80
Ultima,RS,2021,6.2,1200,1300,2.3,"220,000",220000.0,2.3,1200.0,1300.0,Combustão,6.2,Europa,54.55,59.09,71.73,3.26,1346222.36,-1126222.36,556752.7,-336752.7,-60.5,Custo-Benefício Excepcional,https://images.unsplash.com/photo-1544829099-b9a0c07fad1a?w=600&auto=format&fit=crop&q=80
W Motors,Fenyr SuperSport,2022,3.8,800,723,2.7,"1,550,000",1550000.0,2.7,800.0,723.0,Combustão,3.8,Oriente Médio,5.16,4.66,50.39,0.33,614689.46,935310.54,290393.74,1259606.26,433.8,Prêmio de Exclusividade / Grife,https://images.unsplash.com/photo-1544829099-b9a0c07fad1a?w=600&auto=format&fit=crop&q=80
Acura,NSX,2021,3.5,573,476,2.9,"157,500",157500.0,2.9,573.0,476.0,Combustão,3.5,Ásia,36.38,30.22,39.84,2.53,170329.88,-12829.88,182208.59,-24708.59,-13.6,Bom Custo-Benefício,https://images.unsplash.com/photo-1544829099-b9a0c07fad1a?w=600&auto=format&fit=crop&q=80
Aston Martin,DBS Superleggera,2022,5.2,715,663,3.2,"308,000",308000.0,3.2,715.0,663.0,Combustão,5.2,Europa,23.21,21.53,44.29,1.44,507075.64,-199075.64,204368.37,103631.63,50.7,Prêmio de Exclusividade / Grife,https://images.unsplash.com/photo-1544829099-b9a0c07fad1a?w=600&auto=format&fit=crop&q=80
Dodge,Challenger SRT Hellcat,2021,6.2,717,656,3.5,"65,000",65000.0,3.5,717.0,656.0,Combustão,6.2,Estados Unidos,110.31,100.92,42.3,6.51,562668.82,-497668.82,188804.36,-123804.36,-65.6,Custo-Benefício Excepcional,https://upload.wikimedia.org/wikipedia/commons/thumb/2/2c/2015_Dodge_Challenger_SRT_Hellcat_Front.jpg/600px-2015_Dodge_Challenger_SRT_Hellcat_Front.jpg
Jaguar,F-Type,2021,3,380,339,4.9,"63,100",63100.0,4.9,380.0,339.0,Combustão,3.0,Europa,60.22,53.72,20.46,3.24,66183.65,-3083.65,62509.17,590.83,0.9,Preço Compatível com Mercado,https://thumb.wikimedia.org/wikipedia/commons/thumb/d/d5/2017_Jaguar_F-Type_V6_R-Dynamic_Automatic_3.0_Front.jpg/600px-2017_Jaguar_F-Type_V6_R-Dynamic_Automatic_3.0_Front.jpg?utm_source=en.wikipedia.org&utm_campaign=api&utm_content=thumbnail
Lotus,Evija,2022,Electric,1973,1254,2.5,"2,600,000",2600000.0,2.5,1973.0,1254.0,Elétrico,0.0,Europa,7.59,4.82,86.66,0.33,3275966.99,-675966.99,6577675.84,-3977675.84,-60.5,Custo-Benefício Excepcional,https://images.unsplash.com/photo-1544829099-b9a0c07fad1a?w=600&auto=format&fit=crop&q=80
Porsche,Taycan,2021,Electric,616,774,2.6,"185,000",185000.0,2.6,616.0,774.0,Elétrico,0.0,Europa,33.3,41.84,47.87,2.59,134496.12,50503.88,155650.88,29349.12,18.9,Preço Compatível com Mercado,https://images.unsplash.com/photo-1544829099-b9a0c07fad1a?w=600&auto=format&fit=crop&q=80
Rimac,C_Two,2022,Electric,1914,1696,1.9,"2,400,000",2400000.0,1.9,1914.0,1696.0,Elétrico,0.0,Europa,7.98,7.07,96.85,0.4,2898612.93,-498612.93,3692506.65,-1292506.65,-35.0,Custo-Benefício Excepcional,https://images.unsplash.com/photo-1544829099-b9a0c07fad1a?w=600&auto=format&fit=crop&q=80
Tesla,Model S Plaid,2022,Electric,1020,1050,1.98,"140,000",140000.0,1.98,1020.0,1050.0,Elétrico,0.0,Estados Unidos,72.86,75.0,65.49,4.68,933120.65,-793120.65,480363.98,-340363.98,-70.9,Custo-Benefício Excepcional,https://upload.wikimedia.org/wikipedia/commons/thumb/1/14/2018_Tesla_Model_S_75D_Front.jpg/600px-2018_Tesla_Model_S_75D_Front.jpg
Mercedes-Benz,AMG GT Black Series,2021,4,720,590,3.1,"325,000",325000.0,3.1,720.0,590.0,Combustão,4.0,Europa,22.15,18.15,43.77,1.35,525614.54,-200614.54,235803.86,89196.14,37.8,Preço Compatível com Mercado,https://images.unsplash.com/photo-1544829099-b9a0c07fad1a?w=600&auto=format&fit=crop&q=80
Ford,GT,2021,3.5,647,550,3,"500,000",500000.0,3.0,647.0,550.0,Combustão,3.5,Estados Unidos,12.94,11.0,42.11,0.84,343940.24,156059.76,203046.84,296953.16,146.2,Prêmio de Exclusividade / Grife,https://upload.wikimedia.org/wikipedia/commons/thumb/f/f0/2017_Ford_GT_Front.jpg/600px-2017_Ford_GT_Front.jpg
Aston Martin,DBS Superleggera,2021,5.2,715,664,3.4,"307,820",307820.0,3.4,715.0,664.0,Combustão,5.2,Europa,23.23,21.57,43.03,1.4,539139.5,-231319.5,191605.43,116214.57,60.7,Prêmio de Exclusividade / Grife,https://images.unsplash.com/photo-1544829099-b9a0c07fad1a?w=600&auto=format&fit=crop&q=80
Dodge,Challenger SRT Hellcat Redeye,2021,6.2,797,707,3.5,"80,190",80190.0,3.5,797.0,707.0,Combustão,6.2,Estados Unidos,99.39,88.17,44.94,5.6,741812.92,-661622.92,228117.87,-147927.87,-64.8,Custo-Benefício Excepcional,https://images.unsplash.com/photo-1544829099-b9a0c07fad1a?w=600&auto=format&fit=crop&q=80
Alfa Romeo,4C Spider,2020,1.8,237,258,4.1,"68,745",68745.0,4.1,237.0,258.0,Combustão,1.8,Europa,34.48,37.53,21.02,3.06,-386665.66,455410.66,56634.72,12110.28,21.4,Preço Compatível com Mercado,https://thumb.wikimedia.org/wikipedia/commons/thumb/3/34/Festival_automobile_international_2014_-_Alfa_Romeo_4C_-_009.jpg/600px-Festival_automobile_international_2014_-_Alfa_Romeo_4C_-_009.jpg?utm_source=en.wikipedia.org&utm_campaign=api&utm_content=thumbnail
Subaru,WRX STI,2022,2.5,310,290,5.2,"38,170",38170.0,5.2,310.0,290.0,Combustão,2.5,Ásia,81.22,75.98,16.16,4.23,-40657.28,78827.28,48461.16,-10291.16,-21.2,Bom Custo-Benefício,https://thumb.wikimedia.org/wikipedia/commons/thumb/a/a6/Subaru_WRX_STI_-_Blue_%28cropped%29.jpg/600px-Subaru_WRX_STI_-_Blue_%28cropped%29.jpg?utm_source=en.wikipedia.org&utm_campaign=api&utm_content=thumbnail
Tesla,Model S Plaid,2022,Electric,1020,1050,1.98,"139,990",139990.0,1.98,1020.0,1050.0,Elétrico,0.0,Estados Unidos,72.86,75.01,65.49,4.68,933120.65,-793130.65,480363.98,-340373.98,-70.9,Custo-Benefício Excepcional,https://upload.wikimedia.org/wikipedia/commons/thumb/1/14/2018_Tesla_Model_S_75D_Front.jpg/600px-2018_Tesla_Model_S_75D_Front.jpg
Bugatti,Chiron Super Sport 300+,2022,8,1578,1180,2.3,"5,200,000",5200000.0,2.3,1578.0,1180.0,Combustão,8.0,Europa,3.03,2.27,77.97,0.15,2304157.01,2895842.99,2182166.47,3017833.53,138.3,Prêmio de Exclusividade / Grife,https://upload.wikimedia.org/wikipedia/commons/thumb/1/18/Bugatti_Chiron_1.jpg/600px-Bugatti_Chiron_1.jpg
McLaren,Senna,2020,4,789,590,2.7,"1,500,000",1500000.0,2.7,789.0,590.0,Combustão,4.0,Europa,5.26,3.93,47.84,0.32,628965.46,871034.54,333632.91,1166367.09,349.6,Prêmio de Exclusividade / Grife,https://images.unsplash.com/photo-1544829099-b9a0c07fad1a?w=600&auto=format&fit=crop&q=80
Porsche,Taycan Turbo S,2022,Electric,750,774,2.6,"185,000",185000.0,2.6,750.0,774.0,Elétrico,0.0,Europa,40.54,41.84,50.81,2.75,460944.03,-275944.03,238935.43,-53935.43,-22.6,Bom Custo-Benefício,https://images.unsplash.com/photo-1544829099-b9a0c07fad1a?w=600&auto=format&fit=crop&q=80
Chevrolet,Camaro ZL1,2022,6.2,650,650,3.5,"65,000",65000.0,3.5,650.0,650.0,Combustão,6.2,Estados Unidos,100.0,100.0,40.72,6.26,401297.83,-336297.83,153587.65,-88587.65,-57.7,Custo-Benefício Excepcional,https://images.unsplash.com/photo-1544829099-b9a0c07fad1a?w=600&auto=format&fit=crop&q=80
Audi,RS 7 Sportback,2022,4,591,590,3.5,"114,000",114000.0,3.5,591.0,590.0,Combustão,4.0,Europa,51.84,51.75,38.38,3.37,276092.91,-162092.91,137559.82,-23559.82,-17.1,Bom Custo-Benefício,https://images.unsplash.com/photo-1544829099-b9a0c07fad1a?w=600&auto=format&fit=crop&q=80
Porsche,Cayman GT4,2022,4,414,309,4.2,"102,550",102550.0,4.2,414.0,309.0,Combustão,4.0,Europa,40.37,30.13,25.16,2.45,44974.09,57575.91,90416.21,12133.79,13.4,Preço Compatível com Mercado,https://images.unsplash.com/photo-1544829099-b9a0c07fad1a?w=600&auto=format&fit=crop&q=80
Lamborghini,Aventador,2022,6.5,770,531,2.8,"393,695",393695.0,2.8,770.0,531.0,Combustão,6.5,Europa,19.56,13.49,45.77,1.16,617085.2,-223390.2,328607.96,65087.04,19.8,Preço Compatível com Mercado,https://upload.wikimedia.org/wikipedia/commons/thumb/c/ca/Lamborghini_Aventador_LP_700-4_-_Front_view_orange.jpg/600px-Lamborghini_Aventador_LP_700-4_-_Front_view_orange.jpg
Lamborghini,Aventador S,2022,6.5,729,507,2.9,"460,247",460247.0,2.9,729.0,507.0,Combustão,6.5,Europa,15.84,11.02,43.81,0.95,540800.08,-80553.08,288167.07,172079.93,59.7,Prêmio de Exclusividade / Grife,https://upload.wikimedia.org/wikipedia/commons/thumb/c/ca/Lamborghini_Aventador_LP_700-4_-_Front_view_orange.jpg/600px-Lamborghini_Aventador_LP_700-4_-_Front_view_orange.jpg
Audi,RS 6 Avant,2022,4,591,590,3.1,"110,045",110045.0,3.1,591.0,590.0,Combustão,4.0,Europa,53.71,53.61,40.94,3.72,211347.53,-101302.53,156087.12,-46042.12,-29.5,Bom Custo-Benefício,https://images.unsplash.com/photo-1544829099-b9a0c07fad1a?w=600&auto=format&fit=crop&q=80
Mercedes-Benz,AMG C 63 S,2021,4,503,516,3.7,"77,400",77400.0,3.7,503.0,516.0,Combustão,4.0,Europa,64.99,66.67,33.89,4.38,116935.09,-39535.09,107364.66,-29964.66,-27.9,Bom Custo-Benefício,https://images.unsplash.com/photo-1544829099-b9a0c07fad1a?w=600&auto=format&fit=crop&q=80
Nissan,370Z Nismo,2020,3.7,350,276,5,"46,815",46815.0,5.0,350.0,276.0,Combustão,3.7,Ásia,74.76,58.96,18.07,3.86,28740.73,18074.27,59751.14,-12936.14,-21.7,Bom Custo-Benefício,https://upload.wikimedia.org/wikipedia/commons/thumb/8/87/Nissan_370Z_Heritage_Edition_Front.jpg/600px-Nissan_370Z_Heritage_Edition_Front.jpg
Audi,TT RS,2021,2.5,394,354,3.6,"67,895",67895.0,3.6,394.0,354.0,Combustão,2.5,Europa,58.03,52.14,29.33,4.32,-114764.76,182659.76,96652.56,-28757.56,-29.8,Bom Custo-Benefício,https://images.unsplash.com/photo-1544829099-b9a0c07fad1a?w=600&auto=format&fit=crop&q=80
Chevrolet,Corvette Z06,2023,5.5,625,650,2.6,"85,000",85000.0,2.6,625.0,650.0,Combustão,5.5,Estados Unidos,73.53,76.47,45.92,5.4,194716.25,-109716.25,188408.51,-103408.51,-54.9,Custo-Benefício Excepcional,https://upload.wikimedia.org/wikipedia/commons/thumb/4/4b/Chevrolet_Corvette_C8_IAA_2021_1X7A0156.jpg/600px-Chevrolet_Corvette_C8_IAA_2021_1X7A0156.jpg
Lamborghini,Urus,2022,4,641,626,3.2,"218,009",218009.0,3.2,641.0,626.0,Combustão,4.0,Europa,29.4,28.71,42.02,1.93,338225.03,-120216.03,169296.02,48712.98,28.8,Preço Compatível com Mercado,https://upload.wikimedia.org/wikipedia/commons/thumb/1/19/2018_Lamborghini_Urus_4.0_Front.jpg/600px-2018_Lamborghini_Urus_4.0_Front.jpg
Mercedes-Benz,AMG GT 63 S,2021,4,630,664,3.1,"162,900",162900.0,3.1,630.0,664.0,Combustão,4.0,Europa,38.67,40.76,43.08,2.64,283505.3,-120605.3,160508.32,2391.68,1.5,Preço Compatível com Mercado,https://images.unsplash.com/photo-1544829099-b9a0c07fad1a?w=600&auto=format&fit=crop&q=80
Ferrari,Portofino M,2022,3.9,612,560,3.5,"245,000",245000.0,3.5,612.0,560.0,Combustão,3.9,Europa,24.98,22.86,38.33,1.56,336517.46,-91517.46,153004.74,91995.26,60.1,Prêmio de Exclusividade / Grife,https://images.unsplash.com/photo-1544829099-b9a0c07fad1a?w=600&auto=format&fit=crop&q=80
Bugatti,Chiron,2021,8,1479,1180,2.5,"3,000,000",3000000.0,2.5,1479.0,1180.0,Combustão,8.0,Europa,4.93,3.93,74.51,0.25,2095348.04,904651.96,1492577.78,1507422.22,101.0,Prêmio de Exclusividade / Grife,https://upload.wikimedia.org/wikipedia/commons/thumb/1/18/Bugatti_Chiron_1.jpg/600px-Bugatti_Chiron_1.jpg
Porsche,Cayman GT4,2022,4,414,309,4.2,"100,200",100200.0,4.2,414.0,309.0,Combustão,4.0,Europa,41.32,30.84,25.16,2.51,44974.09,55225.91,90416.21,9783.79,10.8,Preço Compatível com Mercado,https://images.unsplash.com/photo-1544829099-b9a0c07fad1a?w=600&auto=format&fit=crop&q=80
Alfa Romeo,Giulia Quadrifoglio,2021,2.9,505,443,3.8,"74,750",74750.0,3.8,505.0,443.0,Combustão,2.9,Europa,67.56,59.26,32.03,4.28,160538.15,-85788.15,115184.43,-40434.43,-35.1,Custo-Benefício Excepcional,https://thumb.wikimedia.org/wikipedia/commons/thumb/2/29/Alfa_952_26.06.19_JM_%281%29_%28cropped%29.jpg/960px-Alfa_952_26.06.19_JM_%281%29_%28cropped%29.jpg?utm_source=en.wikipedia.org&utm_campaign=api&utm_content=thumbnail
Bentley,Continental GT,2021,6,626,664,3.3,"218,400",218400.0,3.3,626.0,664.0,Combustão,6.0,Europa,28.66,30.4,41.71,1.91,306133.28,-87733.28,148766.01,69633.99,46.8,Preço Compatível com Mercado,https://images.unsplash.com/photo-1544829099-b9a0c07fad1a?w=600&auto=format&fit=crop&q=80
BMW,M5,2021,4.4,600,553,3.2,"103,500",103500.0,3.2,600.0,553.0,Combustão,4.4,Europa,57.97,53.43,39.86,3.85,260886.07,-157386.07,163369.17,-59869.17,-36.6,Custo-Benefício Excepcional,https://upload.wikimedia.org/wikipedia/commons/thumb/5/52/2018_BMW_M5_Front.jpg/600px-2018_BMW_M5_Front.jpg
Dodge,Challenger Hellcat,2021,6.2,717,656,3.5,"70,595",70595.0,3.5,717.0,656.0,Combustão,6.2,Estados Unidos,101.57,92.92,42.3,5.99,562668.82,-492073.82,188804.36,-118209.36,-62.6,Custo-Benefício Excepcional,https://images.unsplash.com/photo-1544829099-b9a0c07fad1a?w=600&auto=format&fit=crop&q=80
Ford,GT,2022,3.5,647,550,3,"500,000",500000.0,3.0,647.0,550.0,Combustão,3.5,Estados Unidos,12.94,11.0,42.11,0.84,343940.24,156059.76,203046.84,296953.16,146.2,Prêmio de Exclusividade / Grife,https://upload.wikimedia.org/wikipedia/commons/thumb/f/f0/2017_Ford_GT_Front.jpg/600px-2017_Ford_GT_Front.jpg
McLaren,570S,2021,3.8,562,443,3.1,"203,500",203500.0,3.1,562.0,443.0,Combustão,3.8,Europa,27.62,21.77,37.75,1.86,186095.89,17404.11,172424.93,31075.07,18.0,Preço Compatível com Mercado,https://upload.wikimedia.org/wikipedia/commons/thumb/2/2f/2016_McLaren_570S_Coupe_Front.jpg/600px-2016_McLaren_570S_Coupe_Front.jpg
Mercedes-Benz,SLS AMG,2015,6.2,583,479,3.6,"221,580",221580.0,3.6,583.0,479.0,Combustão,6.2,Europa,26.31,21.62,35.65,1.61,307069.61,-85489.61,150218.23,71361.77,47.5,Preço Compatível com Mercado,https://images.unsplash.com/photo-1544829099-b9a0c07fad1a?w=600&auto=format&fit=crop&q=80
Nissan,370Z Nismo,2020,3.7,350,276,4.7,"47,190",47190.0,4.7,350.0,276.0,Combustão,3.7,Ásia,74.17,58.49,19.99,4.24,-19818.31,67008.31,65690.53,-18500.53,-28.2,Bom Custo-Benefício,https://upload.wikimedia.org/wikipedia/commons/thumb/8/87/Nissan_370Z_Heritage_Edition_Front.jpg/600px-Nissan_370Z_Heritage_Edition_Front.jpg
Porsche,Boxster,2021,2,300,280,4.9,"62,000",62000.0,4.9,300.0,280.0,Combustão,2.0,Europa,48.39,45.16,17.68,2.85,-110489.84,172489.84,52280.71,9719.29,18.6,Preço Compatível com Mercado,https://thumb.wikimedia.org/wikipedia/commons/thumb/2/2d/Porsche_718_Boxster_Spyder_IMG_2961.jpg/600px-Porsche_718_Boxster_Spyder_IMG_2961.jpg?utm_source=en.wikipedia.org&utm_campaign=api&utm_content=thumbnail
Porsche,718 Cayman,2022,2,300,280,4.9,"61,500",61500.0,4.9,300.0,280.0,Combustão,2.0,Europa,48.78,45.53,17.68,2.87,-110489.84,171989.84,52280.71,9219.29,17.6,Preço Compatível com Mercado,https://images.unsplash.com/photo-1544829099-b9a0c07fad1a?w=600&auto=format&fit=crop&q=80
Lamborghini,Aventador,2021,6.5,759,531,2.9,"393,695",393695.0,2.9,759.0,531.0,Combustão,6.5,Europa,19.28,13.49,44.89,1.14,606473.59,-212778.59,307383.09,86311.91,28.1,Preço Compatível com Mercado,https://upload.wikimedia.org/wikipedia/commons/thumb/c/ca/Lamborghini_Aventador_LP_700-4_-_Front_view_orange.jpg/600px-Lamborghini_Aventador_LP_700-4_-_Front_view_orange.jpg
Ferrari,Roma,2021,3.9,612,561,3.3,"222,630",222630.0,3.3,612.0,561.0,Combustão,3.9,Europa,27.49,25.2,39.62,1.78,303835.94,-81205.94,162770.04,59859.96,36.8,Preço Compatível com Mercado,https://upload.wikimedia.org/wikipedia/commons/thumb/a/a2/Ferrari_Roma_Genf_2020_1Y7A5678.jpg/600px-Ferrari_Roma_Genf_2020_1Y7A5678.jpg
Audi,RS 5,2022,2.9,444,442,3.5,"75,400",75400.0,3.5,444.0,442.0,Combustão,2.9,Europa,58.89,58.62,32.59,4.32,-36318.94,111718.94,104324.94,-28924.94,-27.7,Bom Custo-Benefício,https://images.unsplash.com/photo-1544829099-b9a0c07fad1a?w=600&auto=format&fit=crop&q=80
McLaren,570S,2020,3.8,562,443,3.1,"208,000",208000.0,3.1,562.0,443.0,Combustão,3.8,Europa,27.02,21.3,37.75,1.81,186095.89,21904.11,172424.93,35575.07,20.6,Preço Compatível com Mercado,https://upload.wikimedia.org/wikipedia/commons/thumb/2/2f/2016_McLaren_570S_Coupe_Front.jpg/600px-2016_McLaren_570S_Coupe_Front.jpg
BMW,M2,2022,3,405,406,4.2,"58,900",58900.0,4.2,405.0,406.0,Combustão,3.0,Europa,68.76,68.93,26.64,4.52,-6907.71,65807.71,77381.44,-18481.44,-23.9,Bom Custo-Benefício,https://thumb.wikimedia.org/wikipedia/commons/thumb/b/b8/BMW_G87_M2_1X7A1838.jpg/600px-BMW_G87_M2_1X7A1838.jpg?utm_source=en.wikipedia.org&utm_campaign=api&utm_content=thumbnail
Mercedes-Benz,SL,2022,3,429,384,4.9,"96,250",96250.0,4.9,429.0,384.0,Combustão,3.0,Europa,44.57,39.9,22.32,2.32,171659.18,-75409.18,68935.05,27314.95,39.6,Preço Compatível com Mercado,https://images.unsplash.com/photo-1544829099-b9a0c07fad1a?w=600&auto=format&fit=crop&q=80
Chevrolet,Camaro,2021,6.2,455,455,4,"25,000",25000.0,4.0,455.0,455.0,Combustão,6.2,Estados Unidos,182.0,182.0,29.86,11.94,67396.0,-42396.0,90716.74,-65716.74,-72.4,Custo-Benefício Excepcional,https://images.unsplash.com/photo-1544829099-b9a0c07fad1a?w=600&auto=format&fit=crop&q=80
Porsche,Panamera,2022,2.9,325,331,5.2,"88,550",88550.0,5.2,325.0,331.0,Combustão,2.9,Europa,36.7,37.38,17.2,1.94,-16776.51,105326.51,48187.67,40362.33,83.8,Prêmio de Exclusividade / Grife,https://thumb.wikimedia.org/wikipedia/commons/thumb/0/00/Porsche_972_Turbo_E-Hybrid_IMG_0445.jpg/600px-Porsche_972_Turbo_E-Hybrid_IMG_0445.jpg?utm_source=en.wikipedia.org&utm_campaign=api&utm_content=thumbnail
Audi,RS 6,2022,4,591,590,3.5,"109,000",109000.0,3.5,591.0,590.0,Combustão,4.0,Europa,54.22,54.13,38.38,3.52,276092.91,-167092.91,137559.82,-28559.82,-20.8,Bom Custo-Benefício,https://images.unsplash.com/photo-1544829099-b9a0c07fad1a?w=600&auto=format&fit=crop&q=80
Porsche,Taycan 4S,2021,Electric (93 kWh),429,472,3.8,"103,800",103800.0,3.8,429.0,472.0,Elétrico,0.0,Europa,41.33,45.47,30.86,2.97,-33567.38,137367.38,86966.59,16833.41,19.4,Preço Compatível com Mercado,https://images.unsplash.com/photo-1544829099-b9a0c07fad1a?w=600&auto=format&fit=crop&q=80
Audi,RS 7,2022,4,591,590,3.5,"117,000",117000.0,3.5,591.0,590.0,Combustão,4.0,Europa,50.51,50.43,38.38,3.28,276092.91,-159092.91,137559.82,-20559.82,-14.9,Bom Custo-Benefício,https://images.unsplash.com/photo-1544829099-b9a0c07fad1a?w=600&auto=format&fit=crop&q=80
BMW,M4,2021,3,473,406,4,"72,800",72800.0,4.0,473.0,406.0,Combustão,3.0,Europa,64.97,55.77,29.41,4.04,126379.73,-53579.73,102453.79,-29653.79,-28.9,Bom Custo-Benefício,https://upload.wikimedia.org/wikipedia/commons/thumb/d/d7/2021_BMW_M4_Competition_Front.jpg/600px-2021_BMW_M4_Competition_Front.jpg
Mercedes-Benz,SLS AMG,2015,6.2,622,468,3.5,"228,000",228000.0,3.5,622.0,468.0,Combustão,6.2,Europa,27.28,20.53,36.95,1.62,389291.31,-161291.31,178181.56,49818.44,28.0,Preço Compatível com Mercado,https://images.unsplash.com/photo-1544829099-b9a0c07fad1a?w=600&auto=format&fit=crop&q=80
Nissan,370Z Nismo,2021,3.7,350,276,5,"48,000",48000.0,5.0,350.0,276.0,Combustão,3.7,Ásia,72.92,57.5,18.07,3.76,28740.73,19259.27,59751.14,-11751.14,-19.7,Bom Custo-Benefício,https://upload.wikimedia.org/wikipedia/commons/thumb/8/87/Nissan_370Z_Heritage_Edition_Front.jpg/600px-Nissan_370Z_Heritage_Edition_Front.jpg
Aston Martin,DBS Superleggera,2021,5.2,715,664,3.2,"307,820",307820.0,3.2,715.0,664.0,Combustão,5.2,Europa,23.23,21.57,44.31,1.44,506766.81,-198946.81,204101.19,103718.81,50.8,Prêmio de Exclusividade / Grife,https://images.unsplash.com/photo-1544829099-b9a0c07fad1a?w=600&auto=format&fit=crop&q=80
Lexus,LC 500,2021,5,471,398,4.4,"93,000",93000.0,4.4,471.0,398.0,Combustão,5.0,Ásia,50.65,42.8,26.68,2.87,188723.37,-95723.37,90660.8,2339.2,2.6,Preço Compatível com Mercado,https://thumb.wikimedia.org/wikipedia/commons/thumb/8/89/2023_Lexus_LC500_in_Atomic_Silver%2C_front_left.jpg/600px-2023_Lexus_LC500_in_Atomic_Silver%2C_front_left.jpg?utm_source=en.wikipedia.org&utm_campaign=api&utm_content=thumbnail
Bentley,Continental GT,2021,4,626,664,3.3,"202,500",202500.0,3.3,626.0,664.0,Combustão,4.0,Europa,30.91,32.79,41.71,2.06,306133.28,-103633.28,148766.01,53733.99,36.1,Preço Compatível com Mercado,https://images.unsplash.com/photo-1544829099-b9a0c07fad1a?w=600&auto=format&fit=crop&q=80
Tesla,Model S Plaid,2022,Electric (100 kWh),1020,1050,1.98,"131,190",131190.0,1.98,1020.0,1050.0,Elétrico,0.0,Estados Unidos,77.75,80.04,65.49,4.99,933120.65,-801930.65,480363.98,-349173.98,-72.7,Custo-Benefício Excepcional,https://upload.wikimedia.org/wikipedia/commons/thumb/1/14/2018_Tesla_Model_S_75D_Front.jpg/600px-2018_Tesla_Model_S_75D_Front.jpg
Rolls-Royce,Dawn,2021,6.6,563,605,4.3,"346,300",346300.0,4.3,563.0,605.0,Combustão,6.6,Europa,16.26,17.47,32.92,0.95,332738.29,13561.71,95791.33,250508.67,261.5,Prêmio de Exclusividade / Grife,https://images.unsplash.com/photo-1544829099-b9a0c07fad1a?w=600&auto=format&fit=crop&q=80
Bugatti,Chiron Pur Sport,2021,8,1500,1180,2.3,"3,599,000",3599000.0,2.3,1500.0,1180.0,Combustão,8.0,Europa,4.17,3.28,76.25,0.21,2114135.1,1484864.9,1700372.84,1898627.16,111.7,Prêmio de Exclusividade / Grife,https://upload.wikimedia.org/wikipedia/commons/thumb/1/18/Bugatti_Chiron_1.jpg/600px-Bugatti_Chiron_1.jpg
McLaren,Senna,2019,4,789,590,2.7,"1,050,000",1050000.0,2.7,789.0,590.0,Combustão,4.0,Europa,7.51,5.62,47.84,0.46,628965.46,421034.54,333632.91,716367.09,214.7,Prêmio de Exclusividade / Grife,https://images.unsplash.com/photo-1544829099-b9a0c07fad1a?w=600&auto=format&fit=crop&q=80
Porsche,Panamera Turbo S E-Hybrid,2021,Hybrid (4.0),690,641,3,"186,350",186350.0,3.0,690.0,641.0,Híbrido,4.0,Europa,37.03,34.4,44.64,2.4,420592.67,-234242.67,206835.29,-20485.29,-9.9,Bom Custo-Benefício,https://thumb.wikimedia.org/wikipedia/commons/thumb/0/00/Porsche_972_Turbo_E-Hybrid_IMG_0445.jpg/600px-Porsche_972_Turbo_E-Hybrid_IMG_0445.jpg?utm_source=en.wikipedia.org&utm_campaign=api&utm_content=thumbnail
Aston Martin,DB11,2021,4,503,498,3.7,"205,600",205600.0,3.7,503.0,498.0,Combustão,4.0,Europa,24.46,24.22,33.58,1.63,122493.97,83106.03,109922.76,95677.24,87.0,Prêmio de Exclusividade / Grife,https://upload.wikimedia.org/wikipedia/commons/thumb/4/47/2017_Aston_Martin_DB11_V12_Automatic_5.2_Front.jpg/600px-2017_Aston_Martin_DB11_V12_Automatic_5.2_Front.jpg
Bentley,Continental GT,2021,6,626,664,3.6,"201,000",201000.0,3.6,626.0,664.0,Combustão,6.0,Europa,31.14,33.03,39.8,1.98,354692.32,-153692.32,135315.37,65684.63,48.5,Preço Compatível com Mercado,https://images.unsplash.com/photo-1544829099-b9a0c07fad1a?w=600&auto=format&fit=crop&q=80
Bugatti,Chiron,2021,8,1500,1180,2.5,"3,000,000",3000000.0,2.5,1500.0,1180.0,Combustão,8.0,Europa,5.0,3.93,74.98,0.25,2146507.79,853492.21,1596270.3,1403729.7,87.9,Prêmio de Exclusividade / Grife,https://upload.wikimedia.org/wikipedia/commons/thumb/1/18/Bugatti_Chiron_1.jpg/600px-Bugatti_Chiron_1.jpg
Chevrolet,Camaro ZL1,2022,6.2,650,650,3.5,"67,000",67000.0,3.5,650.0,650.0,Combustão,6.2,Estados Unidos,97.01,97.01,40.72,6.08,401297.83,-334297.83,153587.65,-86587.65,-56.4,Custo-Benefício Excepcional,https://images.unsplash.com/photo-1544829099-b9a0c07fad1a?w=600&auto=format&fit=crop&q=80
Dodge,Challenger Hellcat,2021,6.2,717,656,3.5,"64,000",64000.0,3.5,717.0,656.0,Combustão,6.2,Estados Unidos,112.03,102.5,42.3,6.61,562668.82,-498668.82,188804.36,-124804.36,-66.1,Custo-Benefício Excepcional,https://images.unsplash.com/photo-1544829099-b9a0c07fad1a?w=600&auto=format&fit=crop&q=80
Ferrari,812 Superfast,2021,6.5,789,530,2.8,"340,000",340000.0,2.8,789.0,530.0,Combustão,6.5,Europa,23.21,15.59,46.17,1.36,663681.42,-323681.42,349653.29,-9653.29,-2.8,Bom Custo-Benefício,https://images.unsplash.com/photo-1544829099-b9a0c07fad1a?w=600&auto=format&fit=crop&q=80
Lamborghini,Aventador SVJ,2021,6.5,770,531,2.8,"517,770",517770.0,2.8,770.0,531.0,Combustão,6.5,Europa,14.87,10.26,45.77,0.88,617085.2,-99315.2,328607.96,189162.04,57.6,Prêmio de Exclusividade / Grife,https://upload.wikimedia.org/wikipedia/commons/thumb/a/af/Lamborghini_Aventador_SVJ_1X7A0135.jpg/600px-Lamborghini_Aventador_SVJ_1X7A0135.jpg
Mercedes-AMG,GT Black Series,2021,4,720,590,3.1,"325,000",325000.0,3.1,720.0,590.0,Combustão,4.0,Europa,22.15,18.15,43.77,1.35,525614.54,-200614.54,235803.86,89196.14,37.8,Preço Compatível com Mercado,https://images.unsplash.com/photo-1544829099-b9a0c07fad1a?w=600&auto=format&fit=crop&q=80
Nissan,400Z,2023,3,400,350,4,"40,000",40000.0,4.0,400.0,350.0,Combustão,3.0,Ásia,100.0,87.5,26.84,6.71,-34166.99,74166.99,87285.99,-47285.99,-54.2,Custo-Benefício Excepcional,https://images.unsplash.com/photo-1544829099-b9a0c07fad1a?w=600&auto=format&fit=crop&q=80
Porsche,Cayman GT4,2021,4,414,309,4.2,"101,000",101000.0,4.2,414.0,309.0,Combustão,4.0,Europa,40.99,30.59,25.16,2.49,44974.09,56025.91,90416.21,10583.79,11.7,Preço Compatível com Mercado,https://images.unsplash.com/photo-1544829099-b9a0c07fad1a?w=600&auto=format&fit=crop&q=80
Rimac,Nevera,2021,Electric,1914,1696,1.9,"2,400,000",2400000.0,1.9,1914.0,1696.0,Elétrico,0.0,Europa,7.98,7.07,96.85,0.4,2898612.93,-498612.93,3692506.65,-1292506.65,-35.0,Custo-Benefício Excepcional,https://upload.wikimedia.org/wikipedia/commons/thumb/f/f0/Rimac_Nevera_IMG_4953.jpg/600px-Rimac_Nevera_IMG_4953.jpg
Tesla,Model S Plaid,2021,Electric,1020,,1.9,"139,990",139990.0,1.9,1020.0,1050.0,Elétrico,0.0,Estados Unidos,72.86,75.01,66.0,4.71,920171.57,-780181.57,492657.99,-352667.99,-71.6,Custo-Benefício Excepcional,https://upload.wikimedia.org/wikipedia/commons/thumb/1/14/2018_Tesla_Model_S_75D_Front.jpg/600px-2018_Tesla_Model_S_75D_Front.jpg
Toyota,Supra,2021,3,382,368,3.9,"43,000",43000.0,3.9,382.0,368.0,Combustão,3.0,Ásia,88.84,85.58,27.39,6.37,-99763.43,142763.43,83068.18,-40068.18,-48.2,Custo-Benefício Excepcional,https://images.unsplash.com/photo-1544829099-b9a0c07fad1a?w=600&auto=format&fit=crop&q=80
BMW,M2,2022,3,405,406,4.1,"58,900",58900.0,4.1,405.0,406.0,Combustão,3.0,Europa,68.76,68.93,27.28,4.63,-23094.06,81994.06,79864.85,-20964.85,-26.3,Bom Custo-Benefício,https://thumb.wikimedia.org/wikipedia/commons/thumb/b/b8/BMW_G87_M2_1X7A1838.jpg/600px-BMW_G87_M2_1X7A1838.jpg?utm_source=en.wikipedia.org&utm_campaign=api&utm_content=thumbnail
Nissan,370Z Nismo,2021,3.7,350,276,4.8,"45,000",45000.0,4.8,350.0,276.0,Combustão,3.7,Ásia,77.78,61.33,19.35,4.3,-3631.96,48631.96,63647.88,-18647.88,-29.3,Bom Custo-Benefício,https://upload.wikimedia.org/wikipedia/commons/thumb/8/87/Nissan_370Z_Heritage_Edition_Front.jpg/600px-Nissan_370Z_Heritage_Edition_Front.jpg
Dodge,Charger Hellcat,2021,6.2,707,650,3.6,"69,995",69995.0,3.6,707.0,650.0,Combustão,6.2,Estados Unidos,101.01,92.86,41.34,5.91,556346.34,-486351.34,178571.31,-108576.31,-60.8,Custo-Benefício Excepcional,https://images.unsplash.com/photo-1544829099-b9a0c07fad1a?w=600&auto=format&fit=crop&q=80
Aston Martin,DBS Superleggera,2021,5.2,715,663,3.2,"305,000",305000.0,3.2,715.0,663.0,Combustão,5.2,Europa,23.44,21.74,44.29,1.45,507075.64,-202075.64,204368.37,100631.63,49.2,Preço Compatível com Mercado,https://images.unsplash.com/photo-1544829099-b9a0c07fad1a?w=600&auto=format&fit=crop&q=80
Alfa Romeo,Giulia Quadrifoglio,2021,2.9,505,443,3.8,"75,000",75000.0,3.8,505.0,443.0,Combustão,2.9,Europa,67.33,59.07,32.03,4.27,160538.15,-85538.15,115184.43,-40184.43,-34.9,Custo-Benefício Excepcional,https://thumb.wikimedia.org/wikipedia/commons/thumb/2/29/Alfa_952_26.06.19_JM_%281%29_%28cropped%29.jpg/960px-Alfa_952_26.06.19_JM_%281%29_%28cropped%29.jpg?utm_source=en.wikipedia.org&utm_campaign=api&utm_content=thumbnail
Audi,TT RS,2021,2.5,394,354,3.6,"68,000",68000.0,3.6,394.0,354.0,Combustão,2.5,Europa,57.94,52.06,29.33,4.31,-114764.76,182764.76,96652.56,-28652.56,-29.6,Bom Custo-Benefício,https://images.unsplash.com/photo-1544829099-b9a0c07fad1a?w=600&auto=format&fit=crop&q=80
Bentley,Continental GT,2021,6,626,664,3.6,"203,825",203825.0,3.6,626.0,664.0,Combustão,6.0,Europa,30.71,32.58,39.8,1.95,354692.32,-150867.32,135315.37,68509.63,50.6,Prêmio de Exclusividade / Grife,https://images.unsplash.com/photo-1544829099-b9a0c07fad1a?w=600&auto=format&fit=crop&q=80
Chevrolet,Corvette Stingray,2021,6.2,495,470,2.9,"58,900",58900.0,2.9,495.0,470.0,Combustão,6.2,Estados Unidos,84.04,79.8,38.02,6.46,-17839.07,76739.07,143098.11,-84198.11,-58.8,Custo-Benefício Excepcional,https://upload.wikimedia.org/wikipedia/commons/thumb/4/4b/Chevrolet_Corvette_C8_IAA_2021_1X7A0156.jpg/600px-Chevrolet_Corvette_C8_IAA_2021_1X7A0156.jpg
Dodge,Challenger SRT Hellcat,2021,6.2,717,656,3.5,"63,000",63000.0,3.5,717.0,656.0,Combustão,6.2,Estados Unidos,113.81,104.13,42.3,6.71,562668.82,-499668.82,188804.36,-125804.36,-66.6,Custo-Benefício Excepcional,https://upload.wikimedia.org/wikipedia/commons/thumb/2/2c/2015_Dodge_Challenger_SRT_Hellcat_Front.jpg/600px-2015_Dodge_Challenger_SRT_Hellcat_Front.jpg
Ford,Mustang GT,2022,5,460,420,4,"45,000",45000.0,4.0,460.0,420.0,Combustão,5.0,Estados Unidos,102.22,93.33,29.37,6.53,90385.83,-45385.83,96497.7,-51497.7,-53.4,Custo-Benefício Excepcional,https://upload.wikimedia.org/wikipedia/commons/thumb/d/df/2018_Ford_Mustang_GT_5.0_Front.jpg/600px-2018_Ford_Mustang_GT_5.0_Front.jpg
Ferrari,Roma,2022,3.9,612,560,3.3,"222,630",222630.0,3.3,612.0,560.0,Combustão,3.9,Europa,27.49,25.15,39.6,1.78,304144.77,-81514.77,162983.11,59646.89,36.6,Preço Compatível com Mercado,https://upload.wikimedia.org/wikipedia/commons/thumb/a/a2/Ferrari_Roma_Genf_2020_1Y7A5678.jpg/600px-Ferrari_Roma_Genf_2020_1Y7A5678.jpg
McLaren,570S,2021,3.8,562,443,2.7,"204,995",204995.0,2.7,562.0,443.0,Combustão,3.8,Europa,27.42,21.61,40.31,1.97,121350.51,83644.49,195648.05,9346.95,4.8,Preço Compatível com Mercado,https://upload.wikimedia.org/wikipedia/commons/thumb/2/2f/2016_McLaren_570S_Coupe_Front.jpg/600px-2016_McLaren_570S_Coupe_Front.jpg
BMW,M4,2022,3,473,406,4.1,"71,800",71800.0,4.1,473.0,406.0,Combustão,3.0,Europa,65.88,56.55,28.77,4.01,142566.07,-70766.07,99267.98,-27467.98,-27.7,Bom Custo-Benefício,https://upload.wikimedia.org/wikipedia/commons/thumb/d/d7/2021_BMW_M4_Competition_Front.jpg/600px-2021_BMW_M4_Competition_Front.jpg
Mercedes-Benz,SLS AMG,2021,6.2,622,468,3.5,"243,600",243600.0,3.5,622.0,468.0,Combustão,6.2,Europa,25.53,19.21,36.95,1.52,389291.31,-145691.31,178181.56,65418.44,36.7,Preço Compatível com Mercado,https://images.unsplash.com/photo-1544829099-b9a0c07fad1a?w=600&auto=format&fit=crop&q=80
Nissan,370Z Nismo,2021,3.7,350,276,5,"47,190",47190.0,5.0,350.0,276.0,Combustão,3.7,Ásia,74.17,58.49,18.07,3.83,28740.73,18449.27,59751.14,-12561.14,-21.0,Bom Custo-Benefício,https://upload.wikimedia.org/wikipedia/commons/thumb/8/87/Nissan_370Z_Heritage_Edition_Front.jpg/600px-Nissan_370Z_Heritage_Edition_Front.jpg
Audi,RS6,2022,4,591,590,3.5,"113,000",113000.0,3.5,591.0,590.0,Combustão,4.0,Europa,52.3,52.21,38.38,3.4,276092.91,-163092.91,137559.82,-24559.82,-17.9,Bom Custo-Benefício,https://images.unsplash.com/photo-1544829099-b9a0c07fad1a?w=600&auto=format&fit=crop&q=80
Mercedes-Benz,GT 63,2021,4,577,590,3.3,"161,200",161200.0,3.3,577.0,590.0,Combustão,4.0,Europa,35.79,36.6,39.35,2.44,209613.72,-48413.72,140114.48,21085.52,15.0,Preço Compatível com Mercado,https://thumb.wikimedia.org/wikipedia/commons/thumb/a/a9/Festival_automobile_international_2015_-_Mercedes_AMG_GT_-_003.jpg/960px-Festival_automobile_international_2015_-_Mercedes_AMG_GT_-_003.jpg?utm_source=en.wikipedia.org&utm_campaign=api&utm_content=thumbnail
Aston Martin,DBS Superleggera,2021,5.2,715,663,3.2,"310,000",310000.0,3.2,715.0,663.0,Combustão,5.2,Europa,23.06,21.39,44.29,1.43,507075.64,-197075.64,204368.37,105631.63,51.7,Prêmio de Exclusividade / Grife,https://images.unsplash.com/photo-1544829099-b9a0c07fad1a?w=600&auto=format&fit=crop&q=80
Pagani,Huayra,2021,6,764,737,3,"2,600,000",2600000.0,3.0,764.0,737.0,Combustão,6.0,Europa,2.94,2.83,47.93,0.18,571222.5,2028777.5,231138.4,2368861.6,1024.9,Prêmio de Exclusividade / Grife,https://images.unsplash.com/photo-1544829099-b9a0c07fad1a?w=600&auto=format&fit=crop&q=80
Rimac,C_Two,2022,,1914,1696,1.85,"2,400,000",2400000.0,1.85,1914.0,1696.0,Elétrico,0.0,Europa,7.98,7.07,97.17,0.4,2890519.76,-490519.76,3751290.68,-1351290.68,-36.0,Custo-Benefício Excepcional,https://images.unsplash.com/photo-1544829099-b9a0c07fad1a?w=600&auto=format&fit=crop&q=80
McLaren,Senna,2021,4,789,590,2.7,"1,000,000",1000000.0,2.7,789.0,590.0,Combustão,4.0,Europa,7.89,5.9,47.84,0.48,628965.46,371034.54,333632.91,666367.09,199.7,Prêmio de Exclusividade / Grife,https://images.unsplash.com/photo-1544829099-b9a0c07fad1a?w=600&auto=format&fit=crop&q=80
Porsche,918 Spyder,2015,4.6,887,944,2.2,"1,800,000",1800000.0,2.2,887.0,944.0,Combustão,4.6,Europa,4.93,5.24,59.32,0.33,677454.52,1122545.48,336411.21,1463588.79,435.1,Prêmio de Exclusividade / Grife,https://thumb.wikimedia.org/wikipedia/commons/thumb/1/1a/2015_Porsche_918_Spyder_Platinum_Silver_Metallic_SCD_24.jpg/600px-2015_Porsche_918_Spyder_Platinum_Silver_Metallic_SCD_24.jpg?utm_source=en.wikipedia.org&utm_campaign=api&utm_content=thumbnail
Lamborghini,Aventador SVJ,2020,6.5,759,531,2.8,"517,000",517000.0,2.8,759.0,531.0,Combustão,6.5,Europa,14.68,10.27,45.52,0.88,590287.24,-73287.24,317247.96,199752.04,63.0,Prêmio de Exclusividade / Grife,https://upload.wikimedia.org/wikipedia/commons/thumb/a/af/Lamborghini_Aventador_SVJ_1X7A0135.jpg/600px-Lamborghini_Aventador_SVJ_1X7A0135.jpg
Audi,RS 6 Avant,2021,4,591,590,3.5,"110,000",110000.0,3.5,591.0,590.0,Combustão,4.0,Europa,53.73,53.64,38.38,3.49,276092.91,-166092.91,137559.82,-27559.82,-20.0,Bom Custo-Benefício,https://images.unsplash.com/photo-1544829099-b9a0c07fad1a?w=600&auto=format&fit=crop&q=80
Bentley,Continental GT Speed,2022,6,650,664,3.5,"300,000",300000.0,3.5,650.0,664.0,Combustão,6.0,Europa,21.67,22.13,40.96,1.37,396974.25,-96974.25,150800.41,149199.59,98.9,Prêmio de Exclusividade / Grife,https://thumb.wikimedia.org/wikipedia/commons/thumb/e/e1/Bentley_Continental_GT_First_Edition_%2849919050697%29_%28cropped%29_%28cropped%29.jpg/960px-Bentley_Continental_GT_First_Edition_%2849919050697%29_%28cropped%29_%28cropped%29.jpg?utm_source=en.wikipedia.org&utm_campaign=api&utm_content=thumbnail
Chevrolet,Camaro ZL1,2021,6.2,650,650,3.5,"68,000",68000.0,3.5,650.0,650.0,Combustão,6.2,Estados Unidos,95.59,95.59,40.72,5.99,401297.83,-333297.83,153587.65,-85587.65,-55.7,Custo-Benefício Excepcional,https://images.unsplash.com/photo-1544829099-b9a0c07fad1a?w=600&auto=format&fit=crop&q=80
Lotus,Evija,2022,,1972,1254,2.5,"2,700,000",2700000.0,2.5,1972.0,1254.0,Elétrico,0.0,Europa,7.3,4.64,86.64,0.32,3273530.81,-573530.81,6556671.79,-3856671.79,-58.8,Custo-Benefício Excepcional,https://images.unsplash.com/photo-1544829099-b9a0c07fad1a?w=600&auto=format&fit=crop&q=80
Mercedes-AMG,GT Black Series,2021,4,720,590,3.1,"330,000",330000.0,3.1,720.0,590.0,Combustão,4.0,Europa,21.82,17.88,43.77,1.33,525614.54,-195614.54,235803.86,94196.14,39.9,Preço Compatível com Mercado,https://images.unsplash.com/photo-1544829099-b9a0c07fad1a?w=600&auto=format&fit=crop&q=80
Aston Martin,DB11,2021,4,503,513,3.9,"205,000",205000.0,3.9,503.0,513.0,Combustão,4.0,Europa,24.54,25.02,32.56,1.59,150234.26,54765.74,101187.76,103812.24,102.6,Prêmio de Exclusividade / Grife,https://upload.wikimedia.org/wikipedia/commons/thumb/4/47/2017_Aston_Martin_DB11_V12_Automatic_5.2_Front.jpg/600px-2017_Aston_Martin_DB11_V12_Automatic_5.2_Front.jpg
Bentley,Continental GT,2022,4,542,568,3.9,"229,000",229000.0,3.9,542.0,568.0,Combustão,4.0,Europa,23.67,24.8,34.37,1.5,228259.75,740.25,106672.6,122327.4,114.7,Prêmio de Exclusividade / Grife,https://images.unsplash.com/photo-1544829099-b9a0c07fad1a?w=600&auto=format&fit=crop&q=80
Lotus,Evora GT,2021,3.5,416,317,3.8,"100,000",100000.0,3.8,416.0,317.0,Combustão,3.5,Europa,41.6,31.7,27.89,2.79,-17369.55,117369.55,102177.39,-2177.39,-2.1,Bom Custo-Benefício,https://thumb.wikimedia.org/wikipedia/commons/thumb/2/26/2017_Lotus_Evora_400%2C_sky_blue%2C_front_left.jpg/960px-2017_Lotus_Evora_400%2C_sky_blue%2C_front_left.jpg?utm_source=en.wikipedia.org&utm_campaign=api&utm_content=thumbnail
Maserati,GranTurismo,2021,4.7,454,384,4.7,"135,000",135000.0,4.7,454.0,384.0,Combustão,4.7,Europa,33.63,28.44,24.14,1.79,200190.95,-65190.95,79543.26,55456.74,69.7,Prêmio de Exclusividade / Grife,https://thumb.wikimedia.org/wikipedia/commons/thumb/0/00/Maserati_GranTurismo_Trofeo_1X7A0828.jpg/600px-Maserati_GranTurismo_Trofeo_1X7A0828.jpg?utm_source=en.wikipedia.org&utm_campaign=api&utm_content=thumbnail
Porsche,Boxster,2022,2,300,280,4.9,"63,000",63000.0,4.9,300.0,280.0,Combustão,2.0,Europa,47.62,44.44,17.68,2.81,-110489.84,173489.84,52280.71,10719.29,20.5,Preço Compatível com Mercado,https://thumb.wikimedia.org/wikipedia/commons/thumb/2/2d/Porsche_718_Boxster_Spyder_IMG_2961.jpg/600px-Porsche_718_Boxster_Spyder_IMG_2961.jpg?utm_source=en.wikipedia.org&utm_campaign=api&utm_content=thumbnail
Alfa Romeo,4C,2020,1.8,237,258,4.2,"67,150",67150.0,4.2,237.0,258.0,Combustão,1.8,Europa,35.29,38.42,20.38,3.03,-370479.31,437629.31,54873.65,12276.35,22.4,Preço Compatível com Mercado,https://thumb.wikimedia.org/wikipedia/commons/thumb/3/34/Festival_automobile_international_2014_-_Alfa_Romeo_4C_-_009.jpg/600px-Festival_automobile_international_2014_-_Alfa_Romeo_4C_-_009.jpg?utm_source=en.wikipedia.org&utm_campaign=api&utm_content=thumbnail
Chevrolet,Camaro,2022,6.2,455,455,4,"62,195",62195.0,4.0,455.0,455.0,Combustão,6.2,Estados Unidos,73.16,73.16,29.86,4.8,67396.0,-5201.0,90716.74,-28521.74,-31.4,Custo-Benefício Excepcional,https://images.unsplash.com/photo-1544829099-b9a0c07fad1a?w=600&auto=format&fit=crop&q=80
Dodge,Challenger,2022,3.6,305,268,6.4,"28,000",28000.0,6.4,305.0,268.0,Combustão,3.6,Estados Unidos,108.93,95.71,8.01,2.86,148192.17,-120192.17,33598.6,-5598.6,-16.7,Bom Custo-Benefício,https://thumb.wikimedia.org/wikipedia/commons/thumb/d/d3/Dodge_Challenger_SRT8_%282015%29_Hirschaid-20220709-RM-120221_%28cropped%29.jpg/600px-Dodge_Challenger_SRT8_%282015%29_Hirschaid-20220709-RM-120221_%28cropped%29.jpg?utm_source=en.wikipedia.org&utm_campaign=api&utm_content=thumbnail
Mercedes-Benz,AMG C 63,2021,4,469,479,3.8,"69,900",69900.0,3.8,469.0,479.0,Combustão,4.0,Europa,67.1,68.53,31.86,4.56,61717.96,8182.04,97934.66,-28034.66,-28.6,Bom Custo-Benefício,https://images.unsplash.com/photo-1544829099-b9a0c07fad1a?w=600&auto=format&fit=crop&q=80
Nissan,370Z,2021,3.7,350,276,5.3,"30,090",30090.0,5.3,350.0,276.0,Combustão,3.7,Ásia,116.32,91.72,16.16,5.37,77299.77,-47209.77,54348.75,-24258.75,-44.6,Custo-Benefício Excepcional,https://upload.wikimedia.org/wikipedia/commons/thumb/8/87/Nissan_370Z_Heritage_Edition_Front.jpg/600px-Nissan_370Z_Heritage_Edition_Front.jpg
Porsche,Cayman,2022,2,300,280,4.9,"68,000",68000.0,4.9,300.0,280.0,Combustão,2.0,Europa,44.12,41.18,17.68,2.6,-110489.84,178489.84,52280.71,15719.29,30.1,Preço Compatível com Mercado,https://thumb.wikimedia.org/wikipedia/commons/thumb/2/2d/Porsche_718_Boxster_Spyder_IMG_2961.jpg/600px-Porsche_718_Boxster_Spyder_IMG_2961.jpg?utm_source=en.wikipedia.org&utm_campaign=api&utm_content=thumbnail
BMW,i8,2022,1.5,369,184,4.2,"147,500",147500.0,4.2,369.0,184.0,Combustão,1.5,Europa,25.02,12.47,22.0,1.49,-26050.58,173550.58,92205.36,55294.64,60.0,Prêmio de Exclusividade / Grife,https://images.unsplash.com/photo-1544829099-b9a0c07fad1a?w=600&auto=format&fit=crop&q=80
Lamborghini,Aventador S,2021,6.5,729,507,2.9,"417,650",417650.0,2.9,729.0,507.0,Combustão,6.5,Europa,17.45,12.14,43.81,1.05,540800.08,-123150.08,288167.07,129482.93,44.9,Preço Compatível com Mercado,https://upload.wikimedia.org/wikipedia/commons/thumb/c/ca/Lamborghini_Aventador_LP_700-4_-_Front_view_orange.jpg/600px-Lamborghini_Aventador_LP_700-4_-_Front_view_orange.jpg
Audi,RS7,2022,4,591,590,3.5,"115,000",115000.0,3.5,591.0,590.0,Combustão,4.0,Europa,51.39,51.3,38.38,3.34,276092.91,-161092.91,137559.82,-22559.82,-16.4,Bom Custo-Benefício,https://upload.wikimedia.org/wikipedia/commons/thumb/8/88/Audi_RS_7_Sportback_IAA_2019_1X7A0265.jpg/600px-Audi_RS_7_Sportback_IAA_2019_1X7A0265.jpg
McLaren,GT,2022,4,620,465,3.1,"208,000",208000.0,3.1,620.0,465.0,Combustão,4.0,Europa,29.81,22.36,39.41,1.89,320600.05,-112600.05,201680.8,6319.2,3.1,Preço Compatível com Mercado,https://upload.wikimedia.org/wikipedia/commons/thumb/f/f6/McLaren_GT_IMG_3457.jpg/600px-McLaren_GT_IMG_3457.jpg
Mercedes-Benz,SLS AMG,2021,4,730,590,2.9,"250,000",250000.0,2.9,730.0,590.0,Combustão,4.0,Europa,29.2,23.6,45.27,1.81,517603.63,-267603.63,259345.58,-9345.58,-3.6,Bom Custo-Benefício,https://images.unsplash.com/photo-1544829099-b9a0c07fad1a?w=600&auto=format&fit=crop&q=80
Nissan,370Z Nismo,2021,3.7,350,276,5,"46,100",46100.0,5.0,350.0,276.0,Combustão,3.7,Ásia,75.92,59.87,18.07,3.92,28740.73,17359.27,59751.14,-13651.14,-22.8,Bom Custo-Benefício,https://upload.wikimedia.org/wikipedia/commons/thumb/8/87/Nissan_370Z_Heritage_Edition_Front.jpg/600px-Nissan_370Z_Heritage_Edition_Front.jpg
Porsche,Panamera Turbo S,2022,4,630,604,3.1,"180,000",180000.0,3.1,630.0,604.0,Combustão,4.0,Europa,35.0,33.56,42.04,2.34,302034.91,-122034.91,173614.16,6385.84,3.7,Preço Compatível com Mercado,https://thumb.wikimedia.org/wikipedia/commons/thumb/0/00/Porsche_972_Turbo_E-Hybrid_IMG_0445.jpg/600px-Porsche_972_Turbo_E-Hybrid_IMG_0445.jpg?utm_source=en.wikipedia.org&utm_campaign=api&utm_content=thumbnail
Ferrari,Portofino,2022,3.9,591,561,3.4,"250,000",250000.0,3.4,591.0,561.0,Combustão,3.9,Europa,23.64,22.44,38.52,1.54,268862.54,-18862.54,147464.05,102535.95,69.5,Prêmio de Exclusividade / Grife,https://images.unsplash.com/photo-1544829099-b9a0c07fad1a?w=600&auto=format&fit=crop&q=80
Audi,TT RS,2022,2.5,394,354,3.6,"70,000",70000.0,3.6,394.0,354.0,Combustão,2.5,Europa,56.29,50.57,29.33,4.19,-114764.76,184764.76,96652.56,-26652.56,-27.6,Bom Custo-Benefício,https://images.unsplash.com/photo-1544829099-b9a0c07fad1a?w=600&auto=format&fit=crop&q=80
McLaren,570S,2021,3.8,562,443,3.1,"200,000",200000.0,3.1,562.0,443.0,Combustão,3.8,Europa,28.1,22.15,37.75,1.89,186095.89,13904.11,172424.93,27575.07,16.0,Preço Compatível com Mercado,https://upload.wikimedia.org/wikipedia/commons/thumb/2/2f/2016_McLaren_570S_Coupe_Front.jpg/600px-2016_McLaren_570S_Coupe_Front.jpg
BMW,i8,2022,Hybrid,369,184,4.2,"148,500",148500.0,4.2,369.0,184.0,Híbrido,3.0,Europa,24.85,12.39,22.0,1.48,-26050.58,174550.58,92205.36,56294.64,61.1,Prêmio de Exclusividade / Grife,https://images.unsplash.com/photo-1544829099-b9a0c07fad1a?w=600&auto=format&fit=crop&q=80
Ferrari,Portofino,2022,3.9,612,561,3.3,"245,000",245000.0,3.3,612.0,561.0,Combustão,3.9,Europa,24.98,22.9,39.62,1.62,303835.94,-58835.94,162770.04,82229.96,50.5,Prêmio de Exclusividade / Grife,https://images.unsplash.com/photo-1544829099-b9a0c07fad1a?w=600&auto=format&fit=crop&q=80
Audi,TT RS,2022,2.5,394,354,3.6,"67,800",67800.0,3.6,394.0,354.0,Combustão,2.5,Europa,58.11,52.21,29.33,4.33,-114764.76,182564.76,96652.56,-28852.56,-29.9,Bom Custo-Benefício,https://images.unsplash.com/photo-1544829099-b9a0c07fad1a?w=600&auto=format&fit=crop&q=80
McLaren,GT,2022,4,620,465,3.1,"211,300",211300.0,3.1,620.0,465.0,Combustão,4.0,Europa,29.34,22.01,39.41,1.87,320600.05,-109300.05,201680.8,9619.2,4.8,Preço Compatível com Mercado,https://upload.wikimedia.org/wikipedia/commons/thumb/f/f6/McLaren_GT_IMG_3457.jpg/600px-McLaren_GT_IMG_3457.jpg
Mercedes-Benz,SLS AMG,2015,6.2,622,468,3.5,"222,500",222500.0,3.5,622.0,468.0,Combustão,6.2,Europa,27.96,21.03,36.95,1.66,389291.31,-166791.31,178181.56,44318.44,24.9,Preço Compatível com Mercado,https://images.unsplash.com/photo-1544829099-b9a0c07fad1a?w=600&auto=format&fit=crop&q=80
Chevrolet,Camaro SS,2022,6.2,455,455,4,"43,995",43995.0,4.0,455.0,455.0,Combustão,6.2,Estados Unidos,103.42,103.42,29.86,6.79,67396.0,-23401.0,90716.74,-46721.74,-51.5,Custo-Benefício Excepcional,https://thumb.wikimedia.org/wikipedia/commons/thumb/5/5e/2019_Chevrolet_Camaro_2SS_6.2L_front_3.16.19.jpg/600px-2019_Chevrolet_Camaro_2SS_6.2L_front_3.16.19.jpg?utm_source=en.wikipedia.org&utm_campaign=api&utm_content=thumbnail
Porsche,911 Turbo S,2022,3.8,640,590,2.6,"208,000",208000.0,2.6,640.0,590.0,Combustão,3.8,Europa,30.77,28.37,45.21,2.17,249788.54,-41788.54,213807.76,-5807.76,-2.7,Bom Custo-Benefício,https://upload.wikimedia.org/wikipedia/commons/thumb/a/a2/Porsche_911_No_1000000%2C_70_Years_Porsche_Sports_Car%2C_Berlin_%281X7A3888%29.jpg/600px-Porsche_911_No_1000000%2C_70_Years_Porsche_Sports_Car%2C_Berlin_%281X7A3888%29.jpg
BMW,M5 Competition,2022,4.4,617,553,3.1,"103,500",103500.0,3.1,617.0,553.0,Combustão,4.4,Europa,59.61,53.43,40.87,3.95,286114.76,-182614.76,178033.75,-74533.75,-41.9,Custo-Benefício Excepcional,https://upload.wikimedia.org/wikipedia/commons/thumb/5/52/2018_BMW_M5_Front.jpg/600px-2018_BMW_M5_Front.jpg
Aston Martin,Vantage,2022,4,503,505,3.5,"152,995",152995.0,3.5,503.0,505.0,Combustão,4.0,Europa,32.88,33.01,34.98,2.29,87959.49,65035.51,116024.17,36970.83,31.9,Preço Compatível com Mercado,https://upload.wikimedia.org/wikipedia/commons/thumb/b/b3/2019_Aston_Martin_Vantage_V8_4.0_Front.jpg/600px-2019_Aston_Martin_Vantage_V8_4.0_Front.jpg
Ferrari,F8 Spider,2021,3.9,710,568,2.9,"274,280",274280.0,2.9,710.0,568.0,Combustão,3.9,Europa,25.89,20.71,44.45,1.62,475674.25,-201394.25,250378.6,23901.4,9.5,Preço Compatível com Mercado,https://images.unsplash.com/photo-1544829099-b9a0c07fad1a?w=600&auto=format&fit=crop&q=80
Lexus,LC 500,2022,5,471,398,4.4,"102,550",102550.0,4.4,471.0,398.0,Combustão,5.0,Ásia,45.93,38.81,26.68,2.6,188723.37,-86173.37,90660.8,11889.2,13.1,Preço Compatível com Mercado,https://thumb.wikimedia.org/wikipedia/commons/thumb/8/89/2023_Lexus_LC500_in_Atomic_Silver%2C_front_left.jpg/600px-2023_Lexus_LC500_in_Atomic_Silver%2C_front_left.jpg?utm_source=en.wikipedia.org&utm_campaign=api&utm_content=thumbnail
Porsche,Taycan,2022,,469,479,3.8,"79,900",79900.0,3.8,469.0,479.0,Elétrico,0.0,Europa,58.7,59.95,31.86,3.99,61717.96,18182.04,97934.66,-18034.66,-18.4,Bom Custo-Benefício,https://images.unsplash.com/photo-1544829099-b9a0c07fad1a?w=600&auto=format&fit=crop&q=80
Audi,RS6 Avant,2021,4,591,590,3.5,"109,000",109000.0,3.5,591.0,590.0,Combustão,4.0,Europa,54.22,54.13,38.38,3.52,276092.91,-167092.91,137559.82,-28559.82,-20.8,Bom Custo-Benefício,https://thumb.wikimedia.org/wikipedia/commons/thumb/2/20/2021_Audi_RS6_Avant_in_Nardo_Gray%2C_front_right.jpg/600px-2021_Audi_RS6_Avant_in_Nardo_Gray%2C_front_right.jpg?utm_source=en.wikipedia.org&utm_campaign=api&utm_content=thumbnail
BMW,M4,2022,3,473,406,3.8,"71,800",71800.0,3.8,473.0,406.0,Combustão,3.0,Europa,65.88,56.55,30.69,4.27,94007.03,-22207.03,109135.43,-37335.43,-34.2,Custo-Benefício Excepcional,https://upload.wikimedia.org/wikipedia/commons/thumb/d/d7/2021_BMW_M4_Competition_Front.jpg/600px-2021_BMW_M4_Competition_Front.jpg
Mercedes-Benz,AMG GT R,2021,4,577,516,3.5,"180,000",180000.0,3.5,577.0,516.0,Combustão,4.0,Europa,32.06,28.67,36.79,2.04,264839.6,-84839.6,144906.11,35093.89,24.2,Preço Compatível com Mercado,https://images.unsplash.com/photo-1544829099-b9a0c07fad1a?w=600&auto=format&fit=crop&q=80
Porsche,Panamera Turbo S E-Hybrid,2021,4,690,642,3,"190,000",190000.0,3.0,690.0,642.0,Combustão,4.0,Europa,36.32,33.79,44.65,2.35,420283.85,-230283.85,206564.89,-16564.89,-8.0,Bom Custo-Benefício,https://thumb.wikimedia.org/wikipedia/commons/thumb/0/00/Porsche_972_Turbo_E-Hybrid_IMG_0445.jpg/600px-Porsche_972_Turbo_E-Hybrid_IMG_0445.jpg?utm_source=en.wikipedia.org&utm_campaign=api&utm_content=thumbnail
Lamborghini,Urus,2021,4,641,627,3.5,"218,000",218000.0,3.5,641.0,627.0,Combustão,4.0,Europa,29.4,28.76,40.12,1.84,386475.24,-168475.24,153787.85,64212.15,41.8,Preço Compatível com Mercado,https://upload.wikimedia.org/wikipedia/commons/thumb/1/19/2018_Lamborghini_Urus_4.0_Front.jpg/600px-2018_Lamborghini_Urus_4.0_Front.jpg
Ferrari,Portofino M,2021,3.9,612,561,3.4,"235,000",235000.0,3.4,612.0,561.0,Combustão,3.9,Europa,26.04,23.87,38.98,1.66,320022.29,-85022.29,157708.69,77291.31,49.0,Preço Compatível com Mercado,https://images.unsplash.com/photo-1544829099-b9a0c07fad1a?w=600&auto=format&fit=crop&q=80
Audi,TT RS,2022,2.5,394,354,3.6,"67,600",67600.0,3.6,394.0,354.0,Combustão,2.5,Europa,58.28,52.37,29.33,4.34,-114764.76,182364.76,96652.56,-29052.56,-30.1,Custo-Benefício Excepcional,https://images.unsplash.com/photo-1544829099-b9a0c07fad1a?w=600&auto=format&fit=crop&q=80
Mercedes-Benz,SLS AMG Black Series,2021,6.2,622,468,3.5,"335,000",335000.0,3.5,622.0,468.0,Combustão,6.2,Europa,18.57,13.97,36.95,1.1,389291.31,-54291.31,178181.56,156818.44,88.0,Prêmio de Exclusividade / Grife,https://thumb.wikimedia.org/wikipedia/commons/thumb/2/2e/Mercedes-Benz_SLS_AMG_%28C_197%29_%E2%80%93_Frontansicht_ge%C3%B6ffnet%2C_10._August_2011%2C_D%C3%BCsseldorf.jpg/960px-Mercedes-Benz_SLS_AMG_%28C_197%29_%E2%80%93_Frontansicht_ge%C3%B6ffnet%2C_10._August_2011%2C_D%C3%BCsseldorf.jpg?utm_source=en.wikipedia.org&utm_campaign=api&utm_content=thumbnail
Porsche,718 Boxster,2022,2,300,280,4.9,"63,000",63000.0,4.9,300.0,280.0,Combustão,2.0,Europa,47.62,44.44,17.68,2.81,-110489.84,173489.84,52280.71,10719.29,20.5,Preço Compatível com Mercado,https://images.unsplash.com/photo-1544829099-b9a0c07fad1a?w=600&auto=format&fit=crop&q=80
Lamborghini,Aventador SVJ,2020,6.5,759,531,2.8,"573,966",573966.0,2.8,759.0,531.0,Combustão,6.5,Europa,13.22,9.25,45.52,0.79,590287.24,-16321.24,317247.96,256718.04,80.9,Prêmio de Exclusividade / Grife,https://upload.wikimedia.org/wikipedia/commons/thumb/a/af/Lamborghini_Aventador_SVJ_1X7A0135.jpg/600px-Lamborghini_Aventador_SVJ_1X7A0135.jpg
Audi,TT RS Coupe,2022,2.5,394,354,3.5,"68,000",68000.0,3.5,394.0,354.0,Combustão,2.5,Europa,57.94,52.06,29.96,4.41,-130951.1,198951.1,99754.43,-31754.43,-31.8,Custo-Benefício Excepcional,https://images.unsplash.com/photo-1544829099-b9a0c07fad1a?w=600&auto=format&fit=crop&q=80
McLaren,GT,2020,4,612,465,3.1,"210,000",210000.0,3.1,612.0,465.0,Combustão,4.0,Europa,29.14,22.14,39.23,1.87,301110.62,-91110.62,196585.91,13414.09,6.8,Preço Compatível com Mercado,https://upload.wikimedia.org/wikipedia/commons/thumb/f/f6/McLaren_GT_IMG_3457.jpg/600px-McLaren_GT_IMG_3457.jpg
BMW,Z4 Roadster,2022,2,255,295,5.2,"50,000",50000.0,5.2,255.0,295.0,Combustão,2.0,Europa,51.0,59.0,15.03,3.01,-176191.23,226191.23,40379.13,9620.87,23.8,Preço Compatível com Mercado,https://thumb.wikimedia.org/wikipedia/commons/thumb/0/0a/BMW_G29_Z4_M40i_%28Facelift%29_1X7A6946-with-less-seller-info.jpg/960px-BMW_G29_Z4_M40i_%28Facelift%29_1X7A6946-with-less-seller-info.jpg?utm_source=en.wikipedia.org&utm_campaign=api&utm_content=thumbnail
Mercedes-Benz,SLS AMG,2015,6.2,622,468,3.6,"200,000",200000.0,3.6,622.0,468.0,Combustão,6.2,Europa,31.1,23.4,36.31,1.82,405477.66,-205477.66,172640.99,27359.01,15.8,Preço Compatível com Mercado,https://images.unsplash.com/photo-1544829099-b9a0c07fad1a?w=600&auto=format&fit=crop&q=80
Chevrolet,Camaro SS Convertible,2022,6.2,455,455,4,"49,000",49000.0,4.0,455.0,455.0,Combustão,6.2,Estados Unidos,92.86,92.86,29.86,6.09,67396.0,-18396.0,90716.74,-41716.74,-46.0,Custo-Benefício Excepcional,https://thumb.wikimedia.org/wikipedia/commons/thumb/a/a3/Chevrolet_Camaro_RS_327_1968_%28cropped%29.jpg/960px-Chevrolet_Camaro_RS_327_1968_%28cropped%29.jpg?utm_source=en.wikipedia.org&utm_campaign=api&utm_content=thumbnail
Nissan,370Z Coupe,2020,3.7,332,270,5,"30,090",30090.0,5.0,332.0,270.0,Combustão,3.7,Ásia,110.34,89.73,17.57,5.84,-13257.52,43347.52,56852.89,-26762.89,-47.1,Custo-Benefício Excepcional,https://upload.wikimedia.org/wikipedia/commons/thumb/8/87/Nissan_370Z_Heritage_Edition_Front.jpg/600px-Nissan_370Z_Heritage_Edition_Front.jpg
Aston Martin,Vantage,2021,4,503,505,3.6,"142,086",142086.0,3.6,503.0,505.0,Combustão,4.0,Europa,35.4,35.54,34.34,2.42,104145.84,37940.16,112416.38,29669.62,26.4,Preço Compatível com Mercado,https://upload.wikimedia.org/wikipedia/commons/thumb/b/b3/2019_Aston_Martin_Vantage_V8_4.0_Front.jpg/600px-2019_Aston_Martin_Vantage_V8_4.0_Front.jpg
Bentley,Continental GT,2022,6,626,664,3.3,"225,000",225000.0,3.3,626.0,664.0,Combustão,6.0,Europa,27.82,29.51,41.71,1.85,306133.28,-81133.28,148766.01,76233.99,51.2,Prêmio de Exclusividade / Grife,https://images.unsplash.com/photo-1544829099-b9a0c07fad1a?w=600&auto=format&fit=crop&q=80
Bugatti,Chiron,2021,8,1479,1180,2.4,"3,000,000",3000000.0,2.4,1479.0,1180.0,Combustão,8.0,Europa,4.93,3.93,75.15,0.25,2079161.7,920838.3,1540479.19,1459520.81,94.7,Prêmio de Exclusividade / Grife,https://upload.wikimedia.org/wikipedia/commons/thumb/1/18/Bugatti_Chiron_1.jpg/600px-Bugatti_Chiron_1.jpg
Dodge,Challenger SRT Hellcat,2022,6.2,717,656,3.5,"68,000",68000.0,3.5,717.0,656.0,Combustão,6.2,Estados Unidos,105.44,96.47,42.3,6.22,562668.82,-494668.82,188804.36,-120804.36,-64.0,Custo-Benefício Excepcional,https://upload.wikimedia.org/wikipedia/commons/thumb/2/2c/2015_Dodge_Challenger_SRT_Hellcat_Front.jpg/600px-2015_Dodge_Challenger_SRT_Hellcat_Front.jpg
Jaguar,F-Type,2022,2,296,295,5.4,"63,700",63700.0,5.4,296.0,295.0,Combustão,2.0,Europa,46.47,46.31,14.66,2.3,-43935.22,107635.22,43218.44,20481.56,47.4,Preço Compatível com Mercado,https://thumb.wikimedia.org/wikipedia/commons/thumb/d/d5/2017_Jaguar_F-Type_V6_R-Dynamic_Automatic_3.0_Front.jpg/600px-2017_Jaguar_F-Type_V6_R-Dynamic_Automatic_3.0_Front.jpg?utm_source=en.wikipedia.org&utm_campaign=api&utm_content=thumbnail
Lotus,Evora GT,2021,3.5,416,317,3.8,"98,395",98395.0,3.8,416.0,317.0,Combustão,3.5,Europa,42.28,32.22,27.89,2.83,-17369.55,115764.55,102177.39,-3782.39,-3.7,Bom Custo-Benefício,https://thumb.wikimedia.org/wikipedia/commons/thumb/2/26/2017_Lotus_Evora_400%2C_sky_blue%2C_front_left.jpg/960px-2017_Lotus_Evora_400%2C_sky_blue%2C_front_left.jpg?utm_source=en.wikipedia.org&utm_campaign=api&utm_content=thumbnail
Porsche,Panamera Turbo S E-Hybrid,2021,4,689,642,3,"190,000",190000.0,3.0,689.0,642.0,Combustão,4.0,Europa,36.26,33.79,44.63,2.35,417847.67,-227847.67,205905.28,-15905.28,-7.7,Bom Custo-Benefício,https://thumb.wikimedia.org/wikipedia/commons/thumb/0/00/Porsche_972_Turbo_E-Hybrid_IMG_0445.jpg/600px-Porsche_972_Turbo_E-Hybrid_IMG_0445.jpg?utm_source=en.wikipedia.org&utm_campaign=api&utm_content=thumbnail
Lamborghini,Aventador SVJ,2021,6.5,759,531,2.8,"517,000",517000.0,2.8,759.0,531.0,Combustão,6.5,Europa,14.68,10.27,45.52,0.88,590287.24,-73287.24,317247.96,199752.04,63.0,Prêmio de Exclusividade / Grife,https://upload.wikimedia.org/wikipedia/commons/thumb/a/af/Lamborghini_Aventador_SVJ_1X7A0135.jpg/600px-Lamborghini_Aventador_SVJ_1X7A0135.jpg
Mercedes-Benz,S63 AMG,2021,4,603,664,3.4,"168,000",168000.0,3.4,603.0,664.0,Combustão,4.0,Europa,35.89,39.52,40.57,2.41,266287.52,-98287.52,133917.51,34082.49,25.5,Preço Compatível com Mercado,https://images.unsplash.com/photo-1544829099-b9a0c07fad1a?w=600&auto=format&fit=crop&q=80
Chevrolet,Camaro ZL1,2021,6.2,650,650,3.5,"64,500",64500.0,3.5,650.0,650.0,Combustão,6.2,Estados Unidos,100.78,100.78,40.72,6.31,401297.83,-336797.83,153587.65,-89087.65,-58.0,Custo-Benefício Excepcional,https://images.unsplash.com/photo-1544829099-b9a0c07fad1a?w=600&auto=format&fit=crop&q=80
Nissan,370Z Nismo,2021,3.7,350,276,4.7,"46,000",46000.0,4.7,350.0,276.0,Combustão,3.7,Ásia,76.09,60.0,19.99,4.35,-19818.31,65818.31,65690.53,-19690.53,-30.0,Custo-Benefício Excepcional,https://upload.wikimedia.org/wikipedia/commons/thumb/8/87/Nissan_370Z_Heritage_Edition_Front.jpg/600px-Nissan_370Z_Heritage_Edition_Front.jpg
Porsche,718 Cayman GT4,2022,4,414,309,4.2,"102,000",102000.0,4.2,414.0,309.0,Combustão,4.0,Europa,40.59,30.29,25.16,2.47,44974.09,57025.91,90416.21,11583.79,12.8,Preço Compatível com Mercado,https://images.unsplash.com/photo-1544829099-b9a0c07fad1a?w=600&auto=format&fit=crop&q=80
Mercedes-AMG,C63 S Coupe,2021,4,503,516,3.7,"77,500",77500.0,3.7,503.0,516.0,Combustão,4.0,Europa,64.9,66.58,33.89,4.37,116935.09,-39435.09,107364.66,-29864.66,-27.8,Bom Custo-Benefício,https://images.unsplash.com/photo-1544829099-b9a0c07fad1a?w=600&auto=format&fit=crop&q=80
Aston Martin,Vantage,2021,4,503,505,3.5,"147,000",147000.0,3.5,503.0,505.0,Combustão,4.0,Europa,34.22,34.35,34.98,2.38,87959.49,59040.51,116024.17,30975.83,26.7,Preço Compatível com Mercado,https://upload.wikimedia.org/wikipedia/commons/thumb/b/b3/2019_Aston_Martin_Vantage_V8_4.0_Front.jpg/600px-2019_Aston_Martin_Vantage_V8_4.0_Front.jpg
McLaren,570S,2021,3.8,562,443,3.1,"193,000",193000.0,3.1,562.0,443.0,Combustão,3.8,Europa,29.12,22.95,37.75,1.96,186095.89,6904.11,172424.93,20575.07,11.9,Preço Compatível com Mercado,https://upload.wikimedia.org/wikipedia/commons/thumb/2/2f/2016_McLaren_570S_Coupe_Front.jpg/600px-2016_McLaren_570S_Coupe_Front.jpg
Dodge,Challenger SRT Hellcat,2021,6.2,717,656,3.5,"64,000",64000.0,3.5,717.0,656.0,Combustão,6.2,Estados Unidos,112.03,102.5,42.3,6.61,562668.82,-498668.82,188804.36,-124804.36,-66.1,Custo-Benefício Excepcional,https://upload.wikimedia.org/wikipedia/commons/thumb/2/2c/2015_Dodge_Challenger_SRT_Hellcat_Front.jpg/600px-2015_Dodge_Challenger_SRT_Hellcat_Front.jpg
Mercedes-AMG,GT 63 S,2021,4,630,664,3.1,"162,000",162000.0,3.1,630.0,664.0,Combustão,4.0,Europa,38.89,40.99,43.08,2.66,283505.3,-121505.3,160508.32,1491.68,0.9,Preço Compatível com Mercado,https://images.unsplash.com/photo-1544829099-b9a0c07fad1a?w=600&auto=format&fit=crop&q=80
Audi,RS 5,2022,2.9,444,443,3.5,"76,700",76700.0,3.5,444.0,443.0,Combustão,2.9,Europa,57.89,57.76,32.61,4.25,-36627.77,113327.77,104188.56,-27488.56,-26.4,Bom Custo-Benefício,https://images.unsplash.com/photo-1544829099-b9a0c07fad1a?w=600&auto=format&fit=crop&q=80
McLaren,570S Spider,2020,3.8,562,443,3.1,"208,800",208800.0,3.1,562.0,443.0,Combustão,3.8,Europa,26.92,21.22,37.75,1.81,186095.89,22704.11,172424.93,36375.07,21.1,Preço Compatível com Mercado,https://upload.wikimedia.org/wikipedia/commons/thumb/2/2f/2016_McLaren_570S_Coupe_Front.jpg/600px-2016_McLaren_570S_Coupe_Front.jpg
BMW,M2 Competition,2022,3,405,406,4.2,"58,900",58900.0,4.2,405.0,406.0,Combustão,3.0,Europa,68.76,68.93,26.64,4.52,-6907.71,65807.71,77381.44,-18481.44,-23.9,Bom Custo-Benefício,https://thumb.wikimedia.org/wikipedia/commons/thumb/b/b8/BMW_G87_M2_1X7A1838.jpg/600px-BMW_G87_M2_1X7A1838.jpg?utm_source=en.wikipedia.org&utm_campaign=api&utm_content=thumbnail
Mercedes-Benz,C 63 AMG,2022,4,469,479,3.9,"69,000",69000.0,3.9,469.0,479.0,Combustão,4.0,Europa,67.97,69.42,31.23,4.53,77904.31,-8904.31,94889.37,-25889.37,-27.3,Bom Custo-Benefício,https://images.unsplash.com/photo-1544829099-b9a0c07fad1a?w=600&auto=format&fit=crop&q=80
Ford,Mustang GT,2022,5,460,420,4.5,"43,000",43000.0,4.5,460.0,420.0,Combustão,5.0,Estados Unidos,106.98,97.67,26.18,6.09,171317.56,-128317.56,82399.14,-39399.14,-47.8,Custo-Benefício Excepcional,https://upload.wikimedia.org/wikipedia/commons/thumb/d/df/2018_Ford_Mustang_GT_5.0_Front.jpg/600px-2018_Ford_Mustang_GT_5.0_Front.jpg
Dodge,Challenger R/T,2021,5.7,372,400,5.1,"35,000",35000.0,5.1,372.0,400.0,Combustão,5.7,Estados Unidos,106.29,114.29,20.06,5.73,60228.48,-25228.48,52812.66,-17812.66,-33.7,Custo-Benefício Excepcional,https://thumb.wikimedia.org/wikipedia/commons/thumb/d/d3/Dodge_Challenger_SRT8_%282015%29_Hirschaid-20220709-RM-120221_%28cropped%29.jpg/600px-Dodge_Challenger_SRT8_%282015%29_Hirschaid-20220709-RM-120221_%28cropped%29.jpg?utm_source=en.wikipedia.org&utm_campaign=api&utm_content=thumbnail
Aston Martin,Vantage,2021,4,503,505,3.6,"151,000",151000.0,3.6,503.0,505.0,Combustão,4.0,Europa,33.31,33.44,34.34,2.27,104145.84,46854.16,112416.38,38583.62,34.3,Preço Compatível com Mercado,https://upload.wikimedia.org/wikipedia/commons/thumb/b/b3/2019_Aston_Martin_Vantage_V8_4.0_Front.jpg/600px-2019_Aston_Martin_Vantage_V8_4.0_Front.jpg
Alfa Romeo,4C Spider,2020,1.7,237,258,4.1,"69,000",69000.0,4.1,237.0,258.0,Combustão,1.7,Europa,34.35,37.39,21.02,3.05,-386665.66,455665.66,56634.72,12365.28,21.8,Preço Compatível com Mercado,https://thumb.wikimedia.org/wikipedia/commons/thumb/3/34/Festival_automobile_international_2014_-_Alfa_Romeo_4C_-_009.jpg/600px-Festival_automobile_international_2014_-_Alfa_Romeo_4C_-_009.jpg?utm_source=en.wikipedia.org&utm_campaign=api&utm_content=thumbnail
Jaguar,F-Type,2022,2,296,295,5.4,"62,500",62500.0,5.4,296.0,295.0,Combustão,2.0,Europa,47.36,47.2,14.66,2.35,-43935.22,106435.22,43218.44,19281.56,44.6,Preço Compatível com Mercado,https://thumb.wikimedia.org/wikipedia/commons/thumb/d/d5/2017_Jaguar_F-Type_V6_R-Dynamic_Automatic_3.0_Front.jpg/600px-2017_Jaguar_F-Type_V6_R-Dynamic_Automatic_3.0_Front.jpg?utm_source=en.wikipedia.org&utm_campaign=api&utm_content=thumbnail
Tesla,Roadster,2022,Electric,1000,737,1.9,"200,000",200000.0,1.9,1000.0,737.0,Elétrico,0.0,Estados Unidos,50.0,36.85,60.14,3.01,968110.79,-768110.79,695967.22,-495967.22,-71.3,Custo-Benefício Excepcional,https://upload.wikimedia.org/wikipedia/commons/thumb/8/8c/Tesla_Roadster_2020_front.jpg/600px-Tesla_Roadster_2020_front.jpg
Bugatti,Chiron Super Sport 300+,2021,8,1578,1180,2.4,"5,200,000",5200000.0,2.4,1578.0,1180.0,Combustão,8.0,Europa,3.03,2.27,77.33,0.15,2320343.36,2879656.64,2114311.71,3085688.29,145.9,Prêmio de Exclusividade / Grife,https://upload.wikimedia.org/wikipedia/commons/thumb/1/18/Bugatti_Chiron_1.jpg/600px-Bugatti_Chiron_1.jpg
Rimac,Nevera,2021,Electric,1914,1696,1.85,"2,400,000",2400000.0,1.85,1914.0,1696.0,Elétrico,0.0,Europa,7.98,7.07,97.17,0.4,2890519.76,-490519.76,3751290.68,-1351290.68,-36.0,Custo-Benefício Excepcional,https://upload.wikimedia.org/wikipedia/commons/thumb/f/f0/Rimac_Nevera_IMG_4953.jpg/600px-Rimac_Nevera_IMG_4953.jpg
Chevrolet,Camaro ZL1,2022,6.2,650,650,3.5,"63,000",63000.0,3.5,650.0,650.0,Combustão,6.2,Estados Unidos,103.17,103.17,40.72,6.46,401297.83,-338297.83,153587.65,-90587.65,-59.0,Custo-Benefício Excepcional,https://images.unsplash.com/photo-1544829099-b9a0c07fad1a?w=600&auto=format&fit=crop&q=80
Aston Martin,Vantage,2021,4,503,505,3.5,"142,086",142086.0,3.5,503.0,505.0,Combustão,4.0,Europa,35.4,35.54,34.98,2.46,87959.49,54126.51,116024.17,26061.83,22.5,Preço Compatível com Mercado,https://upload.wikimedia.org/wikipedia/commons/thumb/b/b3/2019_Aston_Martin_Vantage_V8_4.0_Front.jpg/600px-2019_Aston_Martin_Vantage_V8_4.0_Front.jpg
Alfa Romeo,Giulia Quadrifoglio,2022,2.9,505,443,3.8,"83,250",83250.0,3.8,505.0,443.0,Combustão,2.9,Europa,60.66,53.21,32.03,3.85,160538.15,-77288.15,115184.43,-31934.43,-27.7,Bom Custo-Benefício,https://thumb.wikimedia.org/wikipedia/commons/thumb/2/29/Alfa_952_26.06.19_JM_%281%29_%28cropped%29.jpg/960px-Alfa_952_26.06.19_JM_%281%29_%28cropped%29.jpg?utm_source=en.wikipedia.org&utm_campaign=api&utm_content=thumbnail
Audi,RS 7 Sportback,2021,4,591,590,3.5,"114,000",114000.0,3.5,591.0,590.0,Combustão,4.0,Europa,51.84,51.75,38.38,3.37,276092.91,-162092.91,137559.82,-23559.82,-17.1,Bom Custo-Benefício,https://images.unsplash.com/photo-1544829099-b9a0c07fad1a?w=600&auto=format&fit=crop&q=80
BMW,M4 Competition,2022,3,503,479,3.8,"74,700",74700.0,3.8,503.0,479.0,Combustão,3.0,Europa,67.34,64.12,32.61,4.37,144548.03,-69848.03,109185.05,-34485.05,-31.6,Custo-Benefício Excepcional,https://upload.wikimedia.org/wikipedia/commons/thumb/d/d7/2021_BMW_M4_Competition_Front.jpg/600px-2021_BMW_M4_Competition_Front.jpg
Mercedes-Benz,C63 S AMG,2022,4,503,516,3.9,"77,600",77600.0,3.9,503.0,516.0,Combustão,4.0,Europa,64.82,66.49,32.61,4.2,149307.78,-71707.78,100791.43,-23191.43,-23.0,Bom Custo-Benefício,https://images.unsplash.com/photo-1544829099-b9a0c07fad1a?w=600&auto=format&fit=crop&q=80
Porsche,Panamera Turbo S,2022,4,630,604,2.9,"181,100",181100.0,2.9,630.0,604.0,Combustão,4.0,Europa,34.79,33.35,43.31,2.39,269662.22,-88562.22,184936.6,-3836.6,-2.1,Bom Custo-Benefício,https://thumb.wikimedia.org/wikipedia/commons/thumb/0/00/Porsche_972_Turbo_E-Hybrid_IMG_0445.jpg/600px-Porsche_972_Turbo_E-Hybrid_IMG_0445.jpg?utm_source=en.wikipedia.org&utm_campaign=api&utm_content=thumbnail
Lamborghini,Aventador S,2021,6.5,730,507,2.9,"417,826",417826.0,2.9,730.0,507.0,Combustão,6.5,Europa,17.47,12.13,43.83,1.05,543236.26,-125410.26,289090.21,128735.79,44.5,Preço Compatível com Mercado,https://upload.wikimedia.org/wikipedia/commons/thumb/c/ca/Lamborghini_Aventador_LP_700-4_-_Front_view_orange.jpg/600px-Lamborghini_Aventador_LP_700-4_-_Front_view_orange.jpg
Aston Martin,DBS Superleggera,2022,5.2,715,664,3.2,"329,100",329100.0,3.2,715.0,664.0,Combustão,5.2,Europa,21.73,20.18,44.31,1.35,506766.81,-177666.81,204101.19,124998.81,61.2,Prêmio de Exclusividade / Grife,https://images.unsplash.com/photo-1544829099-b9a0c07fad1a?w=600&auto=format&fit=crop&q=80
Mercedes-Benz,AMG C43 Coupe,2021,3,385,384,4.5,"59,900",59900.0,4.5,385.0,384.0,Combustão,3.0,Europa,64.27,64.11,23.9,3.99,-278.05,60178.05,67951.43,-8051.43,-11.8,Bom Custo-Benefício,https://images.unsplash.com/photo-1544829099-b9a0c07fad1a?w=600&auto=format&fit=crop&q=80
Chevrolet,Corvette Stingray,2021,6.2,490,465,2.9,"59,900",59900.0,2.9,490.0,465.0,Combustão,6.2,Estados Unidos,81.8,77.63,37.83,6.32,-28475.83,88375.83,141752.07,-81852.07,-57.7,Custo-Benefício Excepcional,https://upload.wikimedia.org/wikipedia/commons/thumb/4/4b/Chevrolet_Corvette_C8_IAA_2021_1X7A0156.jpg/600px-Chevrolet_Corvette_C8_IAA_2021_1X7A0156.jpg
Porsche,Taycan,2022,2.0 (Electric),469,263,3.8,"81,250",81250.0,3.8,469.0,263.0,Elétrico,0.0,Europa,57.72,32.37,28.12,3.46,128424.55,-47174.55,129912.76,-48662.76,-37.5,Custo-Benefício Excepcional,https://images.unsplash.com/photo-1544829099-b9a0c07fad1a?w=600&auto=format&fit=crop&q=80
Lamborghini,Aventador,2021,6.5,730,509,2.9,"517,000",517000.0,2.9,730.0,509.0,Combustão,6.5,Europa,14.12,9.85,43.87,0.85,542618.6,-25618.6,288334.84,228665.16,79.3,Prêmio de Exclusividade / Grife,https://upload.wikimedia.org/wikipedia/commons/thumb/c/ca/Lamborghini_Aventador_LP_700-4_-_Front_view_orange.jpg/600px-Lamborghini_Aventador_LP_700-4_-_Front_view_orange.jpg
Ferrari,Roma,2021,3.9,611,560,3.3,"222,620",222620.0,3.3,611.0,560.0,Combustão,3.9,Europa,27.45,25.15,39.58,1.78,301708.59,-79088.59,162462.67,60157.33,37.0,Preço Compatível com Mercado,https://upload.wikimedia.org/wikipedia/commons/thumb/a/a2/Ferrari_Roma_Genf_2020_1Y7A5678.jpg/600px-Ferrari_Roma_Genf_2020_1Y7A5678.jpg
Mercedes-Benz,C63 AMG,2021,4,469,479,3.9,"77,000",77000.0,3.9,469.0,479.0,Combustão,4.0,Europa,60.91,62.21,31.23,4.06,77904.31,-904.31,94889.37,-17889.37,-18.9,Bom Custo-Benefício,https://images.unsplash.com/photo-1544829099-b9a0c07fad1a?w=600&auto=format&fit=crop&q=80
Chevrolet,Camaro SS,2021,6.2,455,455,4.1,"43,995",43995.0,4.1,455.0,455.0,Combustão,6.2,Estados Unidos,103.42,103.42,29.23,6.64,83582.35,-39587.35,87895.89,-43900.89,-49.9,Custo-Benefício Excepcional,https://thumb.wikimedia.org/wikipedia/commons/thumb/5/5e/2019_Chevrolet_Camaro_2SS_6.2L_front_3.16.19.jpg/600px-2019_Chevrolet_Camaro_2SS_6.2L_front_3.16.19.jpg?utm_source=en.wikipedia.org&utm_campaign=api&utm_content=thumbnail
Ford,Mustang Mach 1,2021,5,480,420,4.1,"51,720",51720.0,4.1,480.0,420.0,Combustão,5.0,Estados Unidos,92.81,81.21,29.17,5.64,155295.75,-103575.75,99673.23,-47953.23,-48.1,Custo-Benefício Excepcional,https://images.unsplash.com/photo-1544829099-b9a0c07fad1a?w=600&auto=format&fit=crop&q=80
Nissan,370Z Nismo,2021,3.7,350,276,4.8,"46,610",46610.0,4.8,350.0,276.0,Combustão,3.7,Ásia,75.09,59.21,19.35,4.15,-3631.96,50241.96,63647.88,-17037.88,-26.8,Bom Custo-Benefício,https://upload.wikimedia.org/wikipedia/commons/thumb/8/87/Nissan_370Z_Heritage_Edition_Front.jpg/600px-Nissan_370Z_Heritage_Edition_Front.jpg
Porsche,Panamera,2022,2.9,325,331,5.3,"88,550",88550.0,5.3,325.0,331.0,Combustão,2.9,Europa,36.7,37.38,16.56,1.87,-590.16,89140.16,46689.27,41860.73,89.7,Prêmio de Exclusividade / Grife,https://thumb.wikimedia.org/wikipedia/commons/thumb/0/00/Porsche_972_Turbo_E-Hybrid_IMG_0445.jpg/600px-Porsche_972_Turbo_E-Hybrid_IMG_0445.jpg?utm_source=en.wikipedia.org&utm_campaign=api&utm_content=thumbnail
Ferrari,SF90 Stradale,2021,4.0 (Hybrid),986,590,2.5,"625,000",625000.0,2.5,986.0,590.0,Híbrido,4.0,Europa,15.78,9.44,53.45,0.86,1076519.91,-451519.91,667335.06,-42335.06,-6.3,Bom Custo-Benefício,https://upload.wikimedia.org/wikipedia/commons/thumb/b/b5/Ferrari_SF90_Stradale_1X7A0186.jpg/600px-Ferrari_SF90_Stradale_1X7A0186.jpg
Audi,RS6,2022,4,591,590,3.5,"120,000",120000.0,3.5,591.0,590.0,Combustão,4.0,Europa,49.25,49.17,38.38,3.2,276092.91,-156092.91,137559.82,-17559.82,-12.8,Bom Custo-Benefício,https://images.unsplash.com/photo-1544829099-b9a0c07fad1a?w=600&auto=format&fit=crop&q=80
BMW,M4,2022,3,503,479,3.8,"74,000",74000.0,3.8,503.0,479.0,Combustão,3.0,Europa,67.97,64.73,32.61,4.41,144548.03,-70548.03,109185.05,-35185.05,-32.2,Custo-Benefício Excepcional,https://upload.wikimedia.org/wikipedia/commons/thumb/d/d7/2021_BMW_M4_Competition_Front.jpg/600px-2021_BMW_M4_Competition_Front.jpg
Mercedes-Benz,AMG A45,2021,2,382,354,4,"50,000",50000.0,4.0,382.0,354.0,Combustão,2.0,Europa,76.4,70.8,26.51,5.3,-79253.51,129253.51,81972.77,-31972.77,-39.0,Custo-Benefício Excepcional,https://images.unsplash.com/photo-1544829099-b9a0c07fad1a?w=600&auto=format&fit=crop&q=80
Chevrolet,Camaro ZL1,2021,6.2,650,650,3.5,"63,995",63995.0,3.5,650.0,650.0,Combustão,6.2,Estados Unidos,101.57,101.57,40.72,6.36,401297.83,-337302.83,153587.65,-89592.65,-58.3,Custo-Benefício Excepcional,https://images.unsplash.com/photo-1544829099-b9a0c07fad1a?w=600&auto=format&fit=crop&q=80
Bentley,Continental GT,2021,4,542,568,3.3,"202,500",202500.0,3.3,542.0,568.0,Combustão,4.0,Europa,26.77,28.05,38.2,1.89,131141.67,71358.33,128933.58,73566.42,57.1,Prêmio de Exclusividade / Grife,https://images.unsplash.com/photo-1544829099-b9a0c07fad1a?w=600&auto=format&fit=crop&q=80
Bugatti,Chiron,2022,8,1479,1180,2.4,"2,900,000",2900000.0,2.4,1479.0,1180.0,Combustão,8.0,Europa,5.1,4.07,75.15,0.26,2079161.7,820838.3,1540479.19,1359520.81,88.3,Prêmio de Exclusividade / Grife,https://upload.wikimedia.org/wikipedia/commons/thumb/1/18/Bugatti_Chiron_1.jpg/600px-Bugatti_Chiron_1.jpg
Ferrari,F8 Tributo,2022,3.9,710,568,2.8,"275,000",275000.0,2.8,710.0,568.0,Combustão,3.9,Europa,25.82,20.65,45.09,1.64,459487.91,-184487.91,258414.02,16585.98,6.4,Preço Compatível com Mercado,https://upload.wikimedia.org/wikipedia/commons/thumb/e/e5/Ferrari_F8_Tributo_Genf_2019_1Y7A5665.jpg/600px-Ferrari_F8_Tributo_Genf_2019_1Y7A5665.jpg
McLaren,GT,2021,4,612,465,3.1,"201,500",201500.0,3.1,612.0,465.0,Combustão,4.0,Europa,30.37,23.08,39.23,1.95,301110.62,-99610.62,196585.91,4914.09,2.5,Preço Compatível com Mercado,https://upload.wikimedia.org/wikipedia/commons/thumb/f/f6/McLaren_GT_IMG_3457.jpg/600px-McLaren_GT_IMG_3457.jpg
Dodge,Challenger SRT Hellcat Redeye,2022,6.2,797,707,3.5,"80,190",80190.0,3.5,797.0,707.0,Combustão,6.2,Estados Unidos,99.39,88.17,44.94,5.6,741812.92,-661622.92,228117.87,-147927.87,-64.8,Custo-Benefício Excepcional,https://images.unsplash.com/photo-1544829099-b9a0c07fad1a?w=600&auto=format&fit=crop&q=80
Jaguar,F-Type,2021,3,380,339,4.4,"62,750",62750.0,4.4,380.0,339.0,Combustão,3.0,Europa,60.56,54.02,23.65,3.77,-14748.08,77498.08,73204.54,-10454.54,-14.3,Bom Custo-Benefício,https://thumb.wikimedia.org/wikipedia/commons/thumb/d/d5/2017_Jaguar_F-Type_V6_R-Dynamic_Automatic_3.0_Front.jpg/600px-2017_Jaguar_F-Type_V6_R-Dynamic_Automatic_3.0_Front.jpg?utm_source=en.wikipedia.org&utm_campaign=api&utm_content=thumbnail
Lexus,LC 500,2021,5,471,398,4.4,"92,000",92000.0,4.4,471.0,398.0,Combustão,5.0,Ásia,51.2,43.26,26.68,2.9,188723.37,-96723.37,90660.8,1339.2,1.5,Preço Compatível com Mercado,https://thumb.wikimedia.org/wikipedia/commons/thumb/8/89/2023_Lexus_LC500_in_Atomic_Silver%2C_front_left.jpg/600px-2023_Lexus_LC500_in_Atomic_Silver%2C_front_left.jpg?utm_source=en.wikipedia.org&utm_campaign=api&utm_content=thumbnail
Lotus,Evija,2021,Electric,2000,1254,2.8,"2,800,000",2800000.0,2.8,2000.0,1254.0,Elétrico,0.0,Europa,7.14,4.48,85.34,0.3,3390302.84,-590302.84,6522580.87,-3722580.87,-57.1,Custo-Benefício Excepcional,https://images.unsplash.com/photo-1544829099-b9a0c07fad1a?w=600&auto=format&fit=crop&q=80
Maserati,GranTurismo,2021,Electric,550,,2.8,"200,000",200000.0,2.8,550.0,384.0,Elétrico,0.0,Europa,27.5,19.2,38.38,1.92,126523.5,73476.5,197064.27,2935.73,1.5,Preço Compatível com Mercado,https://thumb.wikimedia.org/wikipedia/commons/thumb/0/00/Maserati_GranTurismo_Trofeo_1X7A0828.jpg/600px-Maserati_GranTurismo_Trofeo_1X7A0828.jpg?utm_source=en.wikipedia.org&utm_campaign=api&utm_content=thumbnail
Rolls-Royce,Ghost,2021,6.8,563,627,4.6,"332,500",332500.0,4.6,563.0,627.0,Combustão,6.8,Europa,16.93,18.86,31.39,0.94,374503.14,-42003.14,84658.55,247841.45,292.8,Prêmio de Exclusividade / Grife,https://images.unsplash.com/photo-1544829099-b9a0c07fad1a?w=600&auto=format&fit=crop&q=80
Porsche,Taycan,2021,2,402,254,5.1,"81,250",81250.0,5.1,402.0,254.0,Combustão,2.0,Europa,49.48,31.26,18.2,2.24,178402.55,-97152.55,70364.77,10885.23,15.5,Preço Compatível com Mercado,https://images.unsplash.com/photo-1544829099-b9a0c07fad1a?w=600&auto=format&fit=crop&q=80
Aston Martin,DB11,2021,4,630,516,3.7,"198,995",198995.0,3.7,630.0,516.0,Combustão,4.0,Europa,31.66,25.93,36.68,1.84,426329.75,-227334.75,161163.66,37831.34,23.5,Preço Compatível com Mercado,https://upload.wikimedia.org/wikipedia/commons/thumb/4/47/2017_Aston_Martin_DB11_V12_Automatic_5.2_Front.jpg/600px-2017_Aston_Martin_DB11_V12_Automatic_5.2_Front.jpg
Tesla,Roadster,2022,0,"10,000","7,376",1.9,"200,000",200000.0,1.9,1020.0,737.0,Elétrico,0.0,Estados Unidos,51.0,36.85,60.58,3.03,1016834.36,-816834.36,741940.75,-541940.75,-73.0,Custo-Benefício Excepcional,https://upload.wikimedia.org/wikipedia/commons/thumb/8/8c/Tesla_Roadster_2020_front.jpg/600px-Tesla_Roadster_2020_front.jpg
Chevrolet,Camaro,2022,6.2,455,455,4,"25,000",25000.0,4.0,455.0,455.0,Combustão,6.2,Estados Unidos,182.0,182.0,29.86,11.94,67396.0,-42396.0,90716.74,-65716.74,-72.4,Custo-Benefício Excepcional,https://images.unsplash.com/photo-1544829099-b9a0c07fad1a?w=600&auto=format&fit=crop&q=80
Dodge,Charger,2021,6.2,797,707,3.3,"72,000",72000.0,3.3,797.0,707.0,Combustão,6.2,Estados Unidos,110.69,98.19,46.22,6.42,709440.23,-637440.23,242994.83,-170994.83,-70.4,Custo-Benefício Excepcional,https://images.unsplash.com/photo-1544829099-b9a0c07fad1a?w=600&auto=format&fit=crop&q=80
Jaguar,F-Type,2021,3,380,339,4.9,"62,750",62750.0,4.9,380.0,339.0,Combustão,3.0,Europa,60.56,54.02,20.46,3.26,66183.65,-3433.65,62509.17,240.83,0.4,Preço Compatível com Mercado,https://thumb.wikimedia.org/wikipedia/commons/thumb/d/d5/2017_Jaguar_F-Type_V6_R-Dynamic_Automatic_3.0_Front.jpg/600px-2017_Jaguar_F-Type_V6_R-Dynamic_Automatic_3.0_Front.jpg?utm_source=en.wikipedia.org&utm_campaign=api&utm_content=thumbnail
Mercedes-Benz,SLS AMG,2021,6.2,622,468,3.6,"254,995",254995.0,3.6,622.0,468.0,Combustão,6.2,Europa,24.39,18.35,36.31,1.42,405477.66,-150482.66,172640.99,82354.01,47.7,Preço Compatível com Mercado,https://images.unsplash.com/photo-1544829099-b9a0c07fad1a?w=600&auto=format&fit=crop&q=80
Nissan,370Z,2021,3.7,332,270,5.2,"30,000",30000.0,5.2,332.0,270.0,Combustão,3.7,Ásia,110.67,90.0,16.3,5.43,19115.18,10884.82,53372.17,-23372.17,-43.8,Custo-Benefício Excepcional,https://upload.wikimedia.org/wikipedia/commons/thumb/8/87/Nissan_370Z_Heritage_Edition_Front.jpg/600px-Nissan_370Z_Heritage_Edition_Front.jpg
Audi,RS 7,2021,4,591,590,3.4,"114,000",114000.0,3.4,591.0,590.0,Combustão,4.0,Europa,51.84,51.75,39.02,3.42,259906.57,-145906.57,141974.54,-27974.54,-19.7,Bom Custo-Benefício,https://images.unsplash.com/photo-1544829099-b9a0c07fad1a?w=600&auto=format&fit=crop&q=80
Bentley,Continental GT,2021,4,542,568,3.9,"220,000",220000.0,3.9,542.0,568.0,Combustão,4.0,Europa,24.64,25.82,34.37,1.56,228259.75,-8259.75,106672.6,113327.4,106.2,Prêmio de Exclusividade / Grife,https://images.unsplash.com/photo-1544829099-b9a0c07fad1a?w=600&auto=format&fit=crop&q=80
Bugatti,Chiron,2021,8,"1,500","1,180",2.4,"3,000,000",3000000.0,2.4,1500.0,1180.0,Combustão,8.0,Europa,5.0,3.93,75.61,0.25,2130321.44,869678.56,1647499.52,1352500.48,82.1,Prêmio de Exclusividade / Grife,https://upload.wikimedia.org/wikipedia/commons/thumb/1/18/Bugatti_Chiron_1.jpg/600px-Bugatti_Chiron_1.jpg
Porsche,Cayman,2022,2,300,280,4.5,"59,900",59900.0,4.5,300.0,280.0,Combustão,2.0,Europa,50.08,46.74,20.23,3.38,-175235.23,235135.23,59322.15,577.85,1.0,Preço Compatível com Mercado,https://thumb.wikimedia.org/wikipedia/commons/thumb/2/2d/Porsche_718_Boxster_Spyder_IMG_2961.jpg/600px-Porsche_718_Boxster_Spyder_IMG_2961.jpg?utm_source=en.wikipedia.org&utm_campaign=api&utm_content=thumbnail
Audi,RS 5,2022,2.9,444,443,3.5,"75,100",75100.0,3.5,444.0,443.0,Combustão,2.9,Europa,59.12,58.99,32.61,4.34,-36627.77,111727.77,104188.56,-29088.56,-27.9,Bom Custo-Benefício,https://images.unsplash.com/photo-1544829099-b9a0c07fad1a?w=600&auto=format&fit=crop&q=80
Dodge,Challenger SRT Hellcat,2021,6.2,717,656,3.5,"60,695",60695.0,3.5,717.0,656.0,Combustão,6.2,Estados Unidos,118.13,108.08,42.3,6.97,562668.82,-501973.82,188804.36,-128109.36,-67.9,Custo-Benefício Excepcional,https://upload.wikimedia.org/wikipedia/commons/thumb/2/2c/2015_Dodge_Challenger_SRT_Hellcat_Front.jpg/600px-2015_Dodge_Challenger_SRT_Hellcat_Front.jpg
Ferrari,F8 Spider,2022,3.9,710,568,2.9,"274,390",274390.0,2.9,710.0,568.0,Combustão,3.9,Europa,25.88,20.7,44.45,1.62,475674.25,-201284.25,250378.6,24011.4,9.6,Preço Compatível com Mercado,https://images.unsplash.com/photo-1544829099-b9a0c07fad1a?w=600&auto=format&fit=crop&q=80
Jaguar,F-Type,2021,3,296,295,5.4,"64,700",64700.0,5.4,296.0,295.0,Combustão,3.0,Europa,45.75,45.6,14.66,2.27,-43935.22,108635.22,43218.44,21481.56,49.7,Preço Compatível com Mercado,https://thumb.wikimedia.org/wikipedia/commons/thumb/d/d5/2017_Jaguar_F-Type_V6_R-Dynamic_Automatic_3.0_Front.jpg/600px-2017_Jaguar_F-Type_V6_R-Dynamic_Automatic_3.0_Front.jpg?utm_source=en.wikipedia.org&utm_campaign=api&utm_content=thumbnail
Lamborghini,Aventador,2021,6.5,759,531,2.9,"517,770",517770.0,2.9,759.0,531.0,Combustão,6.5,Europa,14.66,10.26,44.89,0.87,606473.59,-88703.59,307383.09,210386.91,68.4,Prêmio de Exclusividade / Grife,https://upload.wikimedia.org/wikipedia/commons/thumb/c/ca/Lamborghini_Aventador_LP_700-4_-_Front_view_orange.jpg/600px-Lamborghini_Aventador_LP_700-4_-_Front_view_orange.jpg
Lotus,Evora GT,2021,3.5,416,317,3.8,"99,990",99990.0,3.8,416.0,317.0,Combustão,3.5,Europa,41.6,31.7,27.89,2.79,-17369.55,117359.55,102177.39,-2187.39,-2.1,Bom Custo-Benefício,https://thumb.wikimedia.org/wikipedia/commons/thumb/2/26/2017_Lotus_Evora_400%2C_sky_blue%2C_front_left.jpg/960px-2017_Lotus_Evora_400%2C_sky_blue%2C_front_left.jpg?utm_source=en.wikipedia.org&utm_campaign=api&utm_content=thumbnail
Maserati,GranTurismo,2021,4.7,454,384,4.7,"150,800",150800.0,4.7,454.0,384.0,Combustão,4.7,Europa,30.11,25.46,24.14,1.6,200190.95,-49390.95,79543.26,71256.74,89.6,Prêmio de Exclusividade / Grife,https://thumb.wikimedia.org/wikipedia/commons/thumb/0/00/Maserati_GranTurismo_Trofeo_1X7A0828.jpg/600px-Maserati_GranTurismo_Trofeo_1X7A0828.jpg?utm_source=en.wikipedia.org&utm_campaign=api&utm_content=thumbnail
Mercedes-Benz,AMG C 63,2021,4,469,479,3.8,"67,600",67600.0,3.8,469.0,479.0,Combustão,4.0,Europa,69.38,70.86,31.86,4.71,61717.96,5882.04,97934.66,-30334.66,-31.0,Custo-Benefício Excepcional,https://images.unsplash.com/photo-1544829099-b9a0c07fad1a?w=600&auto=format&fit=crop&q=80
Nissan,370Z Nismo,2021,3.7,350,276,4.5,"45,790",45790.0,4.5,350.0,276.0,Combustão,3.7,Ásia,76.44,60.28,21.26,4.64,-52191.0,97981.0,69974.61,-24184.61,-34.6,Custo-Benefício Excepcional,https://upload.wikimedia.org/wikipedia/commons/thumb/8/87/Nissan_370Z_Heritage_Edition_Front.jpg/600px-Nissan_370Z_Heritage_Edition_Front.jpg
Porsche,Panamera,2022,2.9,325,331,5.3,"88,800",88800.0,5.3,325.0,331.0,Combustão,2.9,Europa,36.6,37.27,16.56,1.86,-590.16,89390.16,46689.27,42110.73,90.2,Prêmio de Exclusividade / Grife,https://thumb.wikimedia.org/wikipedia/commons/thumb/0/00/Porsche_972_Turbo_E-Hybrid_IMG_0445.jpg/600px-Porsche_972_Turbo_E-Hybrid_IMG_0445.jpg?utm_source=en.wikipedia.org&utm_campaign=api&utm_content=thumbnail
Subaru,WRX STI,2021,2.5,310,290,5.2,"38,170",38170.0,5.2,310.0,290.0,Combustão,2.5,Ásia,81.22,75.98,16.16,4.23,-40657.28,78827.28,48461.16,-10291.16,-21.2,Bom Custo-Benefício,https://thumb.wikimedia.org/wikipedia/commons/thumb/a/a6/Subaru_WRX_STI_-_Blue_%28cropped%29.jpg/600px-Subaru_WRX_STI_-_Blue_%28cropped%29.jpg?utm_source=en.wikipedia.org&utm_campaign=api&utm_content=thumbnail
Tesla,Roadster,2022,,"10,000+",,1.9,"200,000",200000.0,1.9,1020.0,737.0,Elétrico,0.0,Estados Unidos,51.0,36.85,60.58,3.03,1016834.36,-816834.36,741940.75,-541940.75,-73.0,Custo-Benefício Excepcional,https://upload.wikimedia.org/wikipedia/commons/thumb/8/8c/Tesla_Roadster_2020_front.jpg/600px-Tesla_Roadster_2020_front.jpg
Lamborghini,Aventador,2021,6.5,729,509,2.9,"393,695",393695.0,2.9,729.0,509.0,Combustão,6.5,Europa,18.52,12.93,43.85,1.11,540182.42,-146487.42,287414.12,106280.88,37.0,Preço Compatível com Mercado,https://upload.wikimedia.org/wikipedia/commons/thumb/c/ca/Lamborghini_Aventador_LP_700-4_-_Front_view_orange.jpg/600px-Lamborghini_Aventador_LP_700-4_-_Front_view_orange.jpg
Audi,RS5 Coupe,2022,2.9,444,443,3.5,"76,350",76350.0,3.5,444.0,443.0,Combustão,2.9,Europa,58.15,58.02,32.61,4.27,-36627.77,112977.77,104188.56,-27838.56,-26.7,Bom Custo-Benefício,https://thumb.wikimedia.org/wikipedia/commons/thumb/1/1d/Audi_A5_B10_DSC_7314.jpg/600px-Audi_A5_B10_DSC_7314.jpg?utm_source=en.wikipedia.org&utm_campaign=api&utm_content=thumbnail
McLaren,570S,2021,3.8,562,443,3.1,"202,000",202000.0,3.1,562.0,443.0,Combustão,3.8,Europa,27.82,21.93,37.75,1.87,186095.89,15904.11,172424.93,29575.07,17.2,Preço Compatível com Mercado,https://upload.wikimedia.org/wikipedia/commons/thumb/2/2f/2016_McLaren_570S_Coupe_Front.jpg/600px-2016_McLaren_570S_Coupe_Front.jpg
Mercedes-Benz,SL,2022,3,429,384,4.4,"96,000",96000.0,4.4,429.0,384.0,Combustão,3.0,Europa,44.69,40.0,25.51,2.66,90727.45,5272.55,80729.9,15270.1,18.9,Preço Compatível com Mercado,https://images.unsplash.com/photo-1544829099-b9a0c07fad1a?w=600&auto=format&fit=crop&q=80
Nissan,370Z,2021,3.7,332,270,5.3,"33,000",33000.0,5.3,332.0,270.0,Combustão,3.7,Ásia,100.61,81.82,15.66,4.75,35301.52,-2301.52,51712.55,-18712.55,-36.2,Custo-Benefício Excepcional,https://upload.wikimedia.org/wikipedia/commons/thumb/8/87/Nissan_370Z_Heritage_Edition_Front.jpg/600px-Nissan_370Z_Heritage_Edition_Front.jpg
Alfa Romeo,Giulia Quadrifoglio,2021,2.9,505,443,3.8,"75,250",75250.0,3.8,505.0,443.0,Combustão,2.9,Europa,67.11,58.87,32.03,4.26,160538.15,-85288.15,115184.43,-39934.43,-34.7,Custo-Benefício Excepcional,https://thumb.wikimedia.org/wikipedia/commons/thumb/2/29/Alfa_952_26.06.19_JM_%281%29_%28cropped%29.jpg/960px-Alfa_952_26.06.19_JM_%281%29_%28cropped%29.jpg?utm_source=en.wikipedia.org&utm_campaign=api&utm_content=thumbnail
Aston Martin,DB11,2022,4,630,516,3.7,"201,495",201495.0,3.7,630.0,516.0,Combustão,4.0,Europa,31.27,25.61,36.68,1.82,426329.75,-224834.75,161163.66,40331.34,25.0,Preço Compatível com Mercado,https://upload.wikimedia.org/wikipedia/commons/thumb/4/47/2017_Aston_Martin_DB11_V12_Automatic_5.2_Front.jpg/600px-2017_Aston_Martin_DB11_V12_Automatic_5.2_Front.jpg
Bentley,Continental GT,2021,6,626,664,3.3,"201,000",201000.0,3.3,626.0,664.0,Combustão,6.0,Europa,31.14,33.03,41.71,2.08,306133.28,-105133.28,148766.01,52233.99,35.1,Preço Compatível com Mercado,https://images.unsplash.com/photo-1544829099-b9a0c07fad1a?w=600&auto=format&fit=crop&q=80
Dodge,Challenger,2021,6.4,485,475,3.8,"62,000",62000.0,3.8,485.0,475.0,Combustão,6.4,Estados Unidos,78.23,76.61,32.15,5.19,101932.12,-39932.12,103617.54,-41617.54,-40.2,Custo-Benefício Excepcional,https://thumb.wikimedia.org/wikipedia/commons/thumb/d/d3/Dodge_Challenger_SRT8_%282015%29_Hirschaid-20220709-RM-120221_%28cropped%29.jpg/600px-Dodge_Challenger_SRT8_%282015%29_Hirschaid-20220709-RM-120221_%28cropped%29.jpg?utm_source=en.wikipedia.org&utm_campaign=api&utm_content=thumbnail
Lotus,Evora GT,2021,3.5,416,317,3.8,"99,000",99000.0,3.8,416.0,317.0,Combustão,3.5,Europa,42.02,32.02,27.89,2.82,-17369.55,116369.55,102177.39,-3177.39,-3.1,Bom Custo-Benefício,https://thumb.wikimedia.org/wikipedia/commons/thumb/2/26/2017_Lotus_Evora_400%2C_sky_blue%2C_front_left.jpg/960px-2017_Lotus_Evora_400%2C_sky_blue%2C_front_left.jpg?utm_source=en.wikipedia.org&utm_campaign=api&utm_content=thumbnail
Maserati,GranTurismo,2021,4.7,454,384,4.7,"150,000",150000.0,4.7,454.0,384.0,Combustão,4.7,Europa,30.27,25.6,24.14,1.61,200190.95,-50190.95,79543.26,70456.74,88.6,Prêmio de Exclusividade / Grife,https://thumb.wikimedia.org/wikipedia/commons/thumb/0/00/Maserati_GranTurismo_Trofeo_1X7A0828.jpg/600px-Maserati_GranTurismo_Trofeo_1X7A0828.jpg?utm_source=en.wikipedia.org&utm_campaign=api&utm_content=thumbnail
Aston Martin,Vantage,2022,4,503,505,3.5,"149,995",149995.0,3.5,503.0,505.0,Combustão,4.0,Europa,33.53,33.67,34.98,2.33,87959.49,62035.51,116024.17,33970.83,29.3,Preço Compatível com Mercado,https://upload.wikimedia.org/wikipedia/commons/thumb/b/b3/2019_Aston_Martin_Vantage_V8_4.0_Front.jpg/600px-2019_Aston_Martin_Vantage_V8_4.0_Front.jpg
Dodge,Charger SRT Hellcat,2022,6.2,717,650,3.5,"78,595",78595.0,3.5,717.0,650.0,Combustão,6.2,Estados Unidos,91.23,82.7,42.19,5.37,564521.78,-485926.78,190292.11,-111697.11,-58.7,Custo-Benefício Excepcional,https://thumb.wikimedia.org/wikipedia/commons/thumb/d/da/Dodge_Charger_SE.jpg/960px-Dodge_Charger_SE.jpg?utm_source=en.wikipedia.org&utm_campaign=api&utm_content=thumbnail
Chevrolet,Camaro SS,2022,6.2,455,455,4.1,"37,500",37500.0,4.1,455.0,455.0,Combustão,6.2,Estados Unidos,121.33,121.33,29.23,7.79,83582.35,-46082.35,87895.89,-50395.89,-57.3,Custo-Benefício Excepcional,https://thumb.wikimedia.org/wikipedia/commons/thumb/5/5e/2019_Chevrolet_Camaro_2SS_6.2L_front_3.16.19.jpg/600px-2019_Chevrolet_Camaro_2SS_6.2L_front_3.16.19.jpg?utm_source=en.wikipedia.org&utm_campaign=api&utm_content=thumbnail
Ford,Mustang GT,2022,5,460,420,4,"38,500",38500.0,4.0,460.0,420.0,Combustão,5.0,Estados Unidos,119.48,109.09,29.37,7.63,90385.83,-51885.83,96497.7,-57997.7,-60.1,Custo-Benefício Excepcional,https://upload.wikimedia.org/wikipedia/commons/thumb/d/df/2018_Ford_Mustang_GT_5.0_Front.jpg/600px-2018_Ford_Mustang_GT_5.0_Front.jpg
McLaren,570S,2021,3.8,562,443,3.1,"208,800",208800.0,3.1,562.0,443.0,Combustão,3.8,Europa,26.92,21.22,37.75,1.81,186095.89,22704.11,172424.93,36375.07,21.1,Preço Compatível com Mercado,https://upload.wikimedia.org/wikipedia/commons/thumb/2/2f/2016_McLaren_570S_Coupe_Front.jpg/600px-2016_McLaren_570S_Coupe_Front.jpg
Mercedes-Benz,AMG C63,2022,4,469,479,3.8,"71,450",71450.0,3.8,469.0,479.0,Combustão,4.0,Europa,65.64,67.04,31.86,4.46,61717.96,9732.04,97934.66,-26484.66,-27.0,Bom Custo-Benefício,https://thumb.wikimedia.org/wikipedia/commons/thumb/2/2e/Mercedes-Benz_SLS_AMG_%28C_197%29_%E2%80%93_Frontansicht_ge%C3%B6ffnet%2C_10._August_2011%2C_D%C3%BCsseldorf.jpg/960px-Mercedes-Benz_SLS_AMG_%28C_197%29_%E2%80%93_Frontansicht_ge%C3%B6ffnet%2C_10._August_2011%2C_D%C3%BCsseldorf.jpg?utm_source=en.wikipedia.org&utm_campaign=api&utm_content=thumbnail
Nissan,370Z Nismo,2021,3.7,350,276,4.9,"47,820",47820.0,4.9,350.0,276.0,Combustão,3.7,Ásia,73.19,57.72,18.71,3.91,12554.39,35265.61,61668.74,-13848.74,-22.5,Bom Custo-Benefício,https://upload.wikimedia.org/wikipedia/commons/thumb/8/87/Nissan_370Z_Heritage_Edition_Front.jpg/600px-Nissan_370Z_Heritage_Edition_Front.jpg
Porsche,Panamera GTS,2021,4,473,457,3.9,"134,150",134150.0,3.9,473.0,457.0,Combustão,4.0,Europa,35.26,34.07,30.93,2.31,94443.21,39706.79,98917.34,35232.66,35.6,Preço Compatível com Mercado,https://thumb.wikimedia.org/wikipedia/commons/thumb/0/00/Porsche_972_Turbo_E-Hybrid_IMG_0445.jpg/600px-Porsche_972_Turbo_E-Hybrid_IMG_0445.jpg?utm_source=en.wikipedia.org&utm_campaign=api&utm_content=thumbnail
BMW,M4,2021,3,473,406,3.8,"71,800",71800.0,3.8,473.0,406.0,Combustão,3.0,Europa,65.88,56.55,30.69,4.27,94007.03,-22207.03,109135.43,-37335.43,-34.2,Custo-Benefício Excepcional,https://upload.wikimedia.org/wikipedia/commons/thumb/d/d7/2021_BMW_M4_Competition_Front.jpg/600px-2021_BMW_M4_Competition_Front.jpg
Lamborghini,Aventador,2021,6.5,770,531,2.9,"393,695",393695.0,2.9,770.0,531.0,Combustão,6.5,Europa,19.56,13.49,45.13,1.15,633271.55,-239576.55,318389.85,75305.15,23.7,Preço Compatível com Mercado,https://upload.wikimedia.org/wikipedia/commons/thumb/c/ca/Lamborghini_Aventador_LP_700-4_-_Front_view_orange.jpg/600px-Lamborghini_Aventador_LP_700-4_-_Front_view_orange.jpg
McLaren,GT,2021,4,612,465,3.1,"250,000",250000.0,3.1,612.0,465.0,Combustão,4.0,Europa,24.48,18.6,39.23,1.57,301110.62,-51110.62,196585.91,53414.09,27.2,Preço Compatível com Mercado,https://upload.wikimedia.org/wikipedia/commons/thumb/f/f6/McLaren_GT_IMG_3457.jpg/600px-McLaren_GT_IMG_3457.jpg
Mercedes-Benz,AMG GT 4-Door Coupe,2021,4,630,664,3.1,"171,200",171200.0,3.1,630.0,664.0,Combustão,4.0,Europa,36.8,38.79,43.08,2.52,283505.3,-112305.3,160508.32,10691.68,6.7,Preço Compatível com Mercado,https://images.unsplash.com/photo-1544829099-b9a0c07fad1a?w=600&auto=format&fit=crop&q=80
Aston Martin,DBS Superleggera,2022,5.2,715,663,3.4,"321,000",321000.0,3.4,715.0,663.0,Combustão,5.2,Europa,22.27,20.65,43.01,1.34,539448.33,-218448.33,191856.25,129143.75,67.3,Prêmio de Exclusividade / Grife,https://images.unsplash.com/photo-1544829099-b9a0c07fad1a?w=600&auto=format&fit=crop&q=80
Lotus,Evora GT,2021,3.5,416,317,3.8,"100,500",100500.0,3.8,416.0,317.0,Combustão,3.5,Europa,41.39,31.54,27.89,2.78,-17369.55,117869.55,102177.39,-1677.39,-1.6,Bom Custo-Benefício,https://thumb.wikimedia.org/wikipedia/commons/thumb/2/26/2017_Lotus_Evora_400%2C_sky_blue%2C_front_left.jpg/960px-2017_Lotus_Evora_400%2C_sky_blue%2C_front_left.jpg?utm_source=en.wikipedia.org&utm_campaign=api&utm_content=thumbnail
McLaren,570S,2021,3.8,562,443,3.1,"195,000",195000.0,3.1,562.0,443.0,Combustão,3.8,Europa,28.82,22.72,37.75,1.94,186095.89,8904.11,172424.93,22575.07,13.1,Preço Compatível com Mercado,https://upload.wikimedia.org/wikipedia/commons/thumb/2/2f/2016_McLaren_570S_Coupe_Front.jpg/600px-2016_McLaren_570S_Coupe_Front.jpg
Audi,RS7 Sportback,2022,4,591,590,3.5,"114,000",114000.0,3.5,591.0,590.0,Combustão,4.0,Europa,51.84,51.75,38.38,3.37,276092.91,-162092.91,137559.82,-23559.82,-17.1,Bom Custo-Benefício,https://upload.wikimedia.org/wikipedia/commons/thumb/8/88/Audi_RS_7_Sportback_IAA_2019_1X7A0265.jpg/600px-Audi_RS_7_Sportback_IAA_2019_1X7A0265.jpg
Mercedes-AMG,C63 S,2022,4,503,516,3.7,"78,100",78100.0,3.7,503.0,516.0,Combustão,4.0,Europa,64.4,66.07,33.89,4.34,116935.09,-38835.09,107364.66,-29264.66,-27.3,Bom Custo-Benefício,https://images.unsplash.com/photo-1544829099-b9a0c07fad1a?w=600&auto=format&fit=crop&q=80
Dodge,Charger Hellcat,2021,6.2,717,650,3.6,"70,000",70000.0,3.6,717.0,650.0,Combustão,6.2,Estados Unidos,102.43,92.86,41.56,5.94,580708.13,-510708.13,184374.95,-114374.95,-62.0,Custo-Benefício Excepcional,https://images.unsplash.com/photo-1544829099-b9a0c07fad1a?w=600&auto=format&fit=crop&q=80
Alfa Romeo,Giulia Quadrifoglio,2021,2.9,505,443,3.8,"78,450",78450.0,3.8,505.0,443.0,Combustão,2.9,Europa,64.37,56.47,32.03,4.08,160538.15,-82088.15,115184.43,-36734.43,-31.9,Custo-Benefício Excepcional,https://thumb.wikimedia.org/wikipedia/commons/thumb/2/29/Alfa_952_26.06.19_JM_%281%29_%28cropped%29.jpg/960px-Alfa_952_26.06.19_JM_%281%29_%28cropped%29.jpg?utm_source=en.wikipedia.org&utm_campaign=api&utm_content=thumbnail
Tesla,Model S Plaid,2022,Electric,"1,020","1,050",1.9,"141,190",141190.0,1.9,1020.0,1050.0,Elétrico,0.0,Estados Unidos,72.24,74.37,66.0,4.67,920171.57,-778981.57,492657.99,-351467.99,-71.3,Custo-Benefício Excepcional,https://upload.wikimedia.org/wikipedia/commons/thumb/1/14/2018_Tesla_Model_S_75D_Front.jpg/600px-2018_Tesla_Model_S_75D_Front.jpg
Porsche,Panamera Turbo S E-Hybrid,2021,Hybrid,689,642,3,"190,000",190000.0,3.0,689.0,642.0,Híbrido,3.0,Europa,36.26,33.79,44.63,2.35,417847.67,-227847.67,205905.28,-15905.28,-7.7,Bom Custo-Benefício,https://thumb.wikimedia.org/wikipedia/commons/thumb/0/00/Porsche_972_Turbo_E-Hybrid_IMG_0445.jpg/600px-Porsche_972_Turbo_E-Hybrid_IMG_0445.jpg?utm_source=en.wikipedia.org&utm_campaign=api&utm_content=thumbnail
Ford,Mustang Mach 1,2021,5,480,420,4,"52,915",52915.0,4.0,480.0,420.0,Combustão,5.0,Estados Unidos,90.71,79.37,29.81,5.63,139109.4,-86194.4,102872.05,-49957.05,-48.6,Custo-Benefício Excepcional,https://images.unsplash.com/photo-1544829099-b9a0c07fad1a?w=600&auto=format&fit=crop&q=80
Aston Martin,Vantage,2021,4,503,505,3.6,"147,000",147000.0,3.6,503.0,505.0,Combustão,4.0,Europa,34.22,34.35,34.34,2.34,104145.84,42854.16,112416.38,34583.62,30.8,Preço Compatível com Mercado,https://upload.wikimedia.org/wikipedia/commons/thumb/b/b3/2019_Aston_Martin_Vantage_V8_4.0_Front.jpg/600px-2019_Aston_Martin_Vantage_V8_4.0_Front.jpg
Bugatti,Chiron,2022,8,1500,1180,2.5,"3,900,000",3900000.0,2.5,1500.0,1180.0,Combustão,8.0,Europa,3.85,3.03,74.98,0.19,2146507.79,1753492.21,1596270.3,2303729.7,144.3,Prêmio de Exclusividade / Grife,https://upload.wikimedia.org/wikipedia/commons/thumb/1/18/Bugatti_Chiron_1.jpg/600px-Bugatti_Chiron_1.jpg
Pagani,Huayra,2021,6,764,740,2.8,"2,600,000",2600000.0,2.8,764.0,740.0,Combustão,6.0,Europa,2.94,2.85,49.25,0.19,537923.33,2062076.67,245247.98,2354752.02,960.2,Prêmio de Exclusividade / Grife,https://images.unsplash.com/photo-1544829099-b9a0c07fad1a?w=600&auto=format&fit=crop&q=80
Lotus,Evija,2022,Electric,1973,1254,2.5,"2,000,000",2000000.0,2.5,1973.0,1254.0,Elétrico,0.0,Europa,9.86,6.27,86.66,0.43,3275966.99,-1275966.99,6577675.84,-4577675.84,-69.6,Custo-Benefício Excepcional,https://images.unsplash.com/photo-1544829099-b9a0c07fad1a?w=600&auto=format&fit=crop&q=80
Pininfarina,Battista,2021,Electric,1872,1696,1.9,"2,500,000",2500000.0,1.9,1872.0,1696.0,Elétrico,0.0,Europa,7.49,6.78,95.92,0.38,2796293.44,-296293.44,3228363.0,-728363.0,-22.6,Bom Custo-Benefício,https://images.unsplash.com/photo-1544829099-b9a0c07fad1a?w=600&auto=format&fit=crop&q=80
Maserati,MC20,2021,3,621,538,2.9,"210,000",210000.0,2.9,621.0,538.0,Combustão,3.0,Europa,29.57,25.62,41.97,2.0,268119.18,-58119.18,195892.61,14107.39,7.2,Preço Compatível com Mercado,https://images.unsplash.com/photo-1544829099-b9a0c07fad1a?w=600&auto=format&fit=crop&q=80
Porsche,Cayman,2021,2,300,280,5.1,"59,900",59900.0,5.1,300.0,280.0,Combustão,2.0,Europa,50.08,46.74,16.4,2.74,-78117.15,138017.15,49079.9,10820.1,22.0,Preço Compatível com Mercado,https://thumb.wikimedia.org/wikipedia/commons/thumb/2/2d/Porsche_718_Boxster_Spyder_IMG_2961.jpg/600px-Porsche_718_Boxster_Spyder_IMG_2961.jpg?utm_source=en.wikipedia.org&utm_campaign=api&utm_content=thumbnail
McLaren,GT,2022,4,612,465,3.1,"210,000",210000.0,3.1,612.0,465.0,Combustão,4.0,Europa,29.14,22.14,39.23,1.87,301110.62,-91110.62,196585.91,13414.09,6.8,Preço Compatível com Mercado,https://upload.wikimedia.org/wikipedia/commons/thumb/f/f6/McLaren_GT_IMG_3457.jpg/600px-McLaren_GT_IMG_3457.jpg
BMW,M2,2021,3,405,406,4,"58,900",58900.0,4.0,405.0,406.0,Combustão,3.0,Europa,68.76,68.93,27.92,4.74,-39280.4,98180.4,82427.96,-23527.96,-28.5,Bom Custo-Benefício,https://thumb.wikimedia.org/wikipedia/commons/thumb/b/b8/BMW_G87_M2_1X7A1838.jpg/600px-BMW_G87_M2_1X7A1838.jpg?utm_source=en.wikipedia.org&utm_campaign=api&utm_content=thumbnail
Mercedes-Benz,SLS AMG,2021,6.3,622,468,3.6,"254,500",254500.0,3.6,622.0,468.0,Combustão,6.3,Europa,24.44,18.39,36.31,1.43,405477.66,-150977.66,172640.99,81859.01,47.4,Preço Compatível com Mercado,https://images.unsplash.com/photo-1544829099-b9a0c07fad1a?w=600&auto=format&fit=crop&q=80
Ford,Mustang,2021,2.3,310,350,5.3,"27,205",27205.0,5.3,310.0,350.0,Combustão,2.3,Estados Unidos,113.95,128.65,16.56,6.09,-43000.55,70205.55,43409.75,-16204.75,-37.3,Custo-Benefício Excepcional,https://images.unsplash.com/photo-1544829099-b9a0c07fad1a?w=600&auto=format&fit=crop&q=80
Nissan,370Z,2021,3.7,332,270,5.1,"30,090",30090.0,5.1,332.0,270.0,Combustão,3.7,Ásia,110.34,89.73,16.93,5.63,2928.83,27161.17,55085.04,-24995.04,-45.4,Custo-Benefício Excepcional,https://upload.wikimedia.org/wikipedia/commons/thumb/8/87/Nissan_370Z_Heritage_Edition_Front.jpg/600px-Nissan_370Z_Heritage_Edition_Front.jpg
Koenigsegg,Jesko,2022,5,1280,1106,2.5,"3,000,000",3000000.0,2.5,1280.0,1106.0,Combustão,5.0,Europa,4.27,3.69,68.86,0.23,1633401.73,1366598.27,870087.59,2129912.41,244.8,Prêmio de Exclusividade / Grife,https://upload.wikimedia.org/wikipedia/commons/thumb/3/30/Koenigsegg_Jesko_Genf_2019_1Y7A5478.jpg/600px-Koenigsegg_Jesko_Genf_2019_1Y7A5478.jpg
Lotus,Evija,2021,Electric Motor,1972,1254,2,"2,000,000",2000000.0,2.0,1972.0,1254.0,Elétrico,0.0,Europa,9.86,6.27,89.83,0.45,3192599.08,-1192599.08,7678524.25,-5678524.25,-74.0,Custo-Benefício Excepcional,https://images.unsplash.com/photo-1544829099-b9a0c07fad1a?w=600&auto=format&fit=crop&q=80
Pagani,Huayra,2021,6,764,738,3,"2,600,000",2600000.0,3.0,764.0,738.0,Combustão,6.0,Europa,2.94,2.84,47.94,0.18,570913.67,2029086.33,230836.23,2369163.77,1026.3,Prêmio de Exclusividade / Grife,https://images.unsplash.com/photo-1544829099-b9a0c07fad1a?w=600&auto=format&fit=crop&q=80
Rimac,Nevera,2021,Electric Motor,1888,1696,1.85,"2,400,000",2400000.0,1.85,1888.0,1696.0,Elétrico,0.0,Europa,7.87,7.07,96.59,0.4,2827179.12,-427179.12,3451963.11,-1051963.11,-30.5,Custo-Benefício Excepcional,https://upload.wikimedia.org/wikipedia/commons/thumb/f/f0/Rimac_Nevera_IMG_4953.jpg/600px-Rimac_Nevera_IMG_4953.jpg
